filename; file size V1; file size V2; LTS size V1; LTS size V2; Explored V1 ; Explored V2 ; matches V1; matches V2; skipped V1; skipped V2
ALCB018.COB ; 1523 ; 987 ; 378 ; 172; 79 ; 96 ; 77; 58;  0; 0
ALCB025.COB ; 1205 ; 914 ; 311 ; 172; 100 ; 103 ; 100; 60;  0; 0
ALCB044.COB ; 7678 ; 3099 ; 1298 ; 683; 73 ; 75 ; 73; 42;  0; 0
ALCB073.COB ; 1291 ; 1070 ; 343 ; 184; 204 ; 227 ; 202; 119;  0; 0
ALCB087.COB ; 12592 ; 3119 ; 1068 ; 689; 24 ; 26 ; 24; 14;  0; 0
ALCB096.COB ; 2446 ; 1103 ; 382 ; 187; 164 ; 187 ; 162; 104;  0; 0
ALCB207.COB ; 1953 ; 1431 ; 372 ; 151; 166 ; 99 ; 164; 65;  0; 0
ALCB212.COB ; 1286 ; 959 ; 304 ; 150; 36 ; 33 ; 34; 23;  0; 0
ALCB213.COB ; 1409 ; 1013 ; 304 ; 150; 36 ; 33 ; 34; 23;  0; 0
ALCB216.COB ; 1126 ; 917 ; 324 ; 158; 71 ; 84 ; 69; 47;  0; 0
ALCB229.COB ; 1267 ; 1059 ; 339 ; 153; 150 ; 147 ; 148; 86;  0; 0
ALCB231.COB ; 1693 ; 1294 ; 404 ; 222; 38 ; 30 ; 36; 19;  0; 0
ALCB232.COB ; 1478 ; 957 ; 309 ; 126; 113 ; 96 ; 111; 57;  0; 0
ALCB233.COB ; 1414 ; 965 ; 349 ; 173; 62 ; 75 ; 60; 42;  0; 0
ALCB234.COB ; 1474 ; 971 ; 349 ; 173; 62 ; 75 ; 60; 42;  0; 0
ALCB327.COB ; 1304 ; 1122 ; 363 ; 194; 155 ; 144 ; 153; 92;  0; 0
ALCB328.COB ; 1622 ; 1216 ; 437 ; 209; 147 ; 164 ; 145; 97;  0; 0
ALCB332.COB ; 1748 ; 969 ; 298 ; 119; 80 ; 59 ; 78; 40;  0; 0
ALCB343.COB ; 9294 ; 2541 ; 962 ; 550; 51 ; 48 ; 49; 34;  0; 0
ALCB369.COB ; 2297 ; 1830 ; 662 ; 356; 77 ; 72 ; 75; 40;  0; 0
ALCB486.COB ; 2923 ; 1776 ; 512 ; 293; 23 ; 22 ; 21; 14;  0; 0
ALCB487.COB ; 3069 ; 1590 ; 479 ; 281; 23 ; 22 ; 21; 14;  0; 0
ALCB506.COB ; 3804 ; 1273 ; 409 ; 189; 28 ; 25 ; 28; 16;  0; 0
ALCB517.COB ; 13160 ; 7830 ; 3979 ; 1640; 114 ; 103 ; 112; 66;  0; 0
ALCB527.COB ; 6463 ; 3880 ; 1654 ; 815; 109 ; 95 ; 107; 59;  0; 0
ALCB528.COB ; 5969 ; 2576 ; 1176 ; 517; 72 ; 55 ; 71; 34;  0; 0
ALCB530.COB ; 6590 ; 2369 ; 918 ; 430; 128 ; 101 ; 128; 57;  0; 0
ALCB541.COB ; 6572 ; 2383 ; 873 ; 404; 60 ; 53 ; 58; 37;  0; 0
ALCB576.COB ; 3646 ; 1381 ; 400 ; 226; 57 ; 67 ; 57; 43;  0; 0
ALCB581.COB ; 5979 ; 3959 ; 1179 ; 642; 27 ; 26 ; 27; 17;  0; 0
ALCB582.COB ; 5375 ; 3096 ; 898 ; 495; 23 ; 22 ; 21; 14;  0; 0
ALCB583.COB ; 5648 ; 3084 ; 909 ; 483; 122 ; 108 ; 120; 72;  0; 0
ALCB584.COB ; 2254 ; 1560 ; 318 ; 158; 77 ; 82 ; 75; 48;  0; 0
ALCB585.COB ; 2873 ; 1981 ; 422 ; 222; 89 ; 88 ; 87; 53;  0; 0
ALCB587.COB ; 1228 ; 952 ; 304 ; 150; 77 ; 82 ; 75; 48;  0; 0
ALCB611.COB ; 1919 ; 1340 ; 460 ; 254; 11 ; 11 ; 11; 6;  0; 0
ALCB617.COB ; 2069 ; 1141 ; 342 ; 185; 220 ; 252 ; 218; 127;  0; 0
ALCB618.COB ; 1700 ; 1133 ; 337 ; 186; 230 ; 272 ; 228; 135;  0; 0
ALCB619.COB ; 1700 ; 1133 ; 337 ; 186; 230 ; 272 ; 228; 135;  0; 0
ALCB625.COB ; 4072 ; 1388 ; 428 ; 231; 11 ; 11 ; 11; 6;  0; 0
ALCB648.COB ; 2605 ; 1286 ; 423 ; 213; 27 ; 28 ; 27; 18;  0; 0
ALCB649.COB ; 1808 ; 1111 ; 349 ; 177; 91 ; 75 ; 89; 49;  0; 0
ALCB653.COB ; 2348 ; 1000 ; 312 ; 156; 22 ; 23 ; 22; 14;  0; 0
ALCB654.COB ; 4321 ; 1170 ; 348 ; 174; 29 ; 28 ; 29; 18;  0; 0
ALCB655.COB ; 4352 ; 1228 ; 370 ; 183; 36 ; 35 ; 36; 23;  0; 0
ALCB659.COB ; 1690 ; 979 ; 312 ; 149; 22 ; 23 ; 22; 14;  0; 0
ALCB660.COB ; 1829 ; 989 ; 306 ; 149; 69 ; 59 ; 69; 38;  0; 0
ALCB661.COB ; 3782 ; 975 ; 306 ; 147; 72 ; 62 ; 72; 40;  0; 0
ALCB665.COB ; 3327 ; 2000 ; 674 ; 344; 123 ; 111 ; 121; 67;  0; 0
ALCB668.COB ; 1075 ; 904 ; 302 ; 155; 91 ; 111 ; 89; 61;  0; 0
ALCB682.COB ; 3320 ; 2048 ; 678 ; 399; 78 ; 88 ; 76; 56;  0; 0
ALCB683.COB ; 2620 ; 1683 ; 525 ; 300; 110 ; 124 ; 110; 70;  0; 0
ALCB751.COB ; 1532 ; 794 ; 264 ; 106; 62 ; 75 ; 60; 42;  0; 0
ALCB756.COB ; 1983 ; 1226 ; 225 ; 84; 139 ; 123 ; 139; 71;  0; 0
ALCB937.COB ; 8697 ; 4148 ; 1217 ; 649; 34 ; 30 ; 34; 20;  0; 0
ALCB997.COB ; 4788 ; 3216 ; 841 ; 459; 148 ; 161 ; 148; 94;  0; 0
ALCC024.COB ; 3269 ; 2759 ; 1468 ; 794; 25 ; 18 ; 25; 8;  0; 0
ALCC025.COB ; 2186 ; 1585 ; 810 ; 365; 25 ; 17 ; 25; 8;  0; 0
ALCC026.COB ; 3218 ; 2608 ; 1408 ; 730; 25 ; 18 ; 25; 8;  0; 0
ALCC027.COB ; 3252 ; 2628 ; 1419 ; 734; 25 ; 18 ; 25; 8;  0; 0
ALCC028.COB ; 2175 ; 1603 ; 823 ; 373; 47 ; 37 ; 45; 18;  0; 0
ALCC029.COB ; 2062 ; 1507 ; 777 ; 357; 43 ; 31 ; 41; 16;  0; 0
ALCC030.COB ; 2910 ; 2324 ; 1276 ; 644; 25 ; 18 ; 25; 8;  0; 0
ALCC031.COB ; 1962 ; 1446 ; 745 ; 350; 25 ; 16 ; 25; 8;  0; 0
ALCC032.COB ; 2532 ; 1962 ; 1070 ; 539; 25 ; 19 ; 25; 8;  0; 0
ALCC048.COB ; 2097 ; 1518 ; 774 ; 354; 41 ; 28 ; 39; 15;  0; 0
ALCC049.COB ; 2191 ; 1565 ; 792 ; 354; 41 ; 28 ; 39; 15;  0; 0
ALCC065.COB ; 2757 ; 2322 ; 1307 ; 667; 46 ; 37 ; 44; 17;  0; 0
ALCC066.COB ; 3860 ; 2695 ; 1580 ; 747; 29 ; 22 ; 29; 10;  0; 0
ALCC067.COB ; 2078 ; 1526 ; 792 ; 364; 9 ; 9 ; 7; 4;  0; 0
ALCC068.COB ; 2198 ; 1564 ; 802 ; 345; 25 ; 17 ; 25; 8;  0; 0
ALCC070.COB ; 2260 ; 1705 ; 932 ; 450; 32 ; 23 ; 32; 11;  0; 0
ALCC200.COB ; 1726 ; 1170 ; 692 ; 293; 35 ; 21 ; 33; 12;  0; 0
ALCP021.COB ; 4767 ; 2325 ; 763 ; 225; 59 ; 52 ; 59; 38;  0; 0
ALCP022.COB ; 2269 ; 798 ; 344 ; 113; 28 ; 22 ; 28; 12;  0; 0
ALCP023.COB ; 547 ; 425 ; 149 ; 49; 132 ; 117 ; 132; 49;  0; 0
ALCP040.COB ; 3860 ; 880 ; 347 ; 152; 36 ; 28 ; 36; 18;  0; 0
ALCP041.COB ; 879 ; 608 ; 122 ; 40; 79 ; 69 ; 79; 39;  0; 0
ALCP042.COB ; 4071 ; 929 ; 309 ; 154; 34 ; 28 ; 34; 18;  0; 0
ALCP052.COB ; 2199 ; 1168 ; 417 ; 187; 22 ; 22 ; 22; 15;  0; 0
ALCP070.COB ; 2933 ; 1101 ; 370 ; 172; 25 ; 29 ; 25; 19;  0; 0
ALCP071.COB ; 996 ; 712 ; 225 ; 73; 60 ; 48 ; 58; 34;  0; 0
ALCP072.COB ; 3668 ; 1107 ; 424 ; 182; 84 ; 89 ; 82; 65;  0; 0
ALCP076.COB ; 3196 ; 1820 ; 612 ; 392; 58 ; 50 ; 56; 34;  0; 0
ALCP077.COB ; 5308 ; 1902 ; 617 ; 354; 32 ; 27 ; 31; 18;  0; 0
ALCP078.COB ; 1016 ; 723 ; 209 ; 110; 70 ; 79 ; 69; 38;  0; 0
ALCP079.COB ; 1889 ; 1241 ; 387 ; 196; 41 ; 34 ; 39; 23;  0; 0
ALCP080.COB ; 1361 ; 553 ; 125 ; 42; 30 ; 33 ; 28; 22;  0; 0
ALCP081.COB ; 2955 ; 1471 ; 432 ; 219; 71 ; 70 ; 69; 50;  0; 0
ALCP082.COB ; 2554 ; 935 ; 255 ; 139; 22 ; 23 ; 22; 14;  0; 0
ALCP083.COB ; 5607 ; 3020 ; 1384 ; 856; 34 ; 31 ; 32; 19;  0; 0
ALCP084.COB ; 3690 ; 1257 ; 406 ; 204; 22 ; 26 ; 22; 14;  0; 0
ALCP089.COB ; 1778 ; 670 ; 241 ; 75; 77 ; 52 ; 77; 38;  0; 0
ALCP090.COB ; 7835 ; 4541 ; 1694 ; 908; 55 ; 49 ; 55; 35;  0; 0
ALCP091.COB ; 3476 ; 1419 ; 464 ; 220; 76 ; 70 ; 74; 46;  0; 0
ALCP094.COB ; 2022 ; 1539 ; 551 ; 145; 84 ; 106 ; 84; 61;  0; 0
ALCP095.COB ; 1159 ; 756 ; 213 ; 119; 84 ; 106 ; 84; 61;  0; 0
ALCP097.COB ; 2708 ; 1219 ; 407 ; 187; 46 ; 42 ; 45; 30;  0; 0
ALCP120.COB ; 1791 ; 1050 ; 491 ; 168; 42 ; 20 ; 42; 12;  0; 0
ALCP201.COB ; 8665 ; 5929 ; 3184 ; 1507; 53 ; 51 ; 53; 36;  0; 0
ALCP202.COB ; 1512 ; 912 ; 371 ; 108; 40 ; 36 ; 38; 24;  0; 0
ALCP206.COB ; 1638 ; 1095 ; 412 ; 173; 65 ; 55 ; 63; 36;  0; 0
ALCP208.COB ; 2097 ; 1076 ; 378 ; 147; 37 ; 31 ; 37; 21;  0; 0
ALCP209.COB ; 3053 ; 1646 ; 458 ; 264; 58 ; 50 ; 57; 34;  0; 0
ALCP215.COB ; 1075 ; 685 ; 206 ; 113; 122 ; 140 ; 120; 79;  0; 0
ALCP218.COB ; 1579 ; 705 ; 206 ; 82; 44 ; 37 ; 42; 24;  0; 0
ALCP221.COB ; 828 ; 666 ; 239 ; 117; 53 ; 30 ; 52; 22;  0; 0
ALCP242.COB ; 4170 ; 2717 ; 1215 ; 553; 43 ; 39 ; 43; 25;  0; 0
ALCP243.COB ; 4163 ; 2826 ; 1064 ; 626; 24 ; 25 ; 22; 16;  0; 0
ALCP244.COB ; 7357 ; 4113 ; 1510 ; 718; 54 ; 44 ; 52; 30;  0; 0
ALCP246.COB ; 1509 ; 1327 ; 735 ; 361; 49 ; 29 ; 49; 22;  0; 0
ALCP247.COB ; 643 ; 467 ; 120 ; 45; 41 ; 41 ; 39; 27;  0; 0
ALCP250.COB ; 1339 ; 889 ; 328 ; 138; 26 ; 26 ; 26; 16;  0; 0
ALCP252.COB ; 1496 ; 1322 ; 710 ; 353; 58 ; 35 ; 57; 24;  0; 0
ALCP254.COB ; 1896 ; 1684 ; 944 ; 478; 58 ; 36 ; 57; 23;  0; 0
ALCP256.COB ; 1589 ; 1407 ; 783 ; 393; 47 ; 29 ; 47; 22;  0; 0
ALCP259.COB ; 604 ; 407 ; 108 ; 33; 33 ; 27 ; 31; 19;  0; 0
ALCP262.COB ; 1329 ; 773 ; 308 ; 123; 77 ; 69 ; 75; 44;  0; 0
ALCP263.COB ; 1880 ; 1373 ; 451 ; 219; 41 ; 38 ; 41; 25;  0; 0
ALCP264.COB ; 458 ; 417 ; 137 ; 49; 63 ; 39 ; 61; 28;  0; 0
ALCP298.COB ; 837 ; 493 ; 134 ; 48; 31 ; 31 ; 31; 19;  0; 0
ALCP306.COB ; 5764 ; 2619 ; 1131 ; 611; 23 ; 23 ; 23; 14;  0; 0
ALCP325.COB ; 2074 ; 756 ; 289 ; 122; 86 ; 65 ; 86; 39;  0; 0
ALCP326.COB ; 1796 ; 925 ; 393 ; 174; 22 ; 10 ; 20; 6;  0; 0
ALCP331.COB ; 1678 ; 596 ; 195 ; 63; 59 ; 45 ; 59; 31;  0; 0
ALCP333.COB ; 502 ; 479 ; 155 ; 63; 38 ; 24 ; 38; 17;  0; 0
ALCP335.COB ; 2174 ; 1497 ; 531 ; 297; 35 ; 29 ; 33; 21;  0; 0
ALCP336.COB ; 408 ; 369 ; 98 ; 29; 69 ; 41 ; 67; 28;  0; 0
ALCP337.COB ; 1218 ; 1045 ; 440 ; 259; 64 ; 41 ; 62; 32;  0; 0
ALCP342.COB ; 7746 ; 4049 ; 1817 ; 894; 99 ; 83 ; 98; 56;  0; 0
ALCP345.COB ; 3213 ; 1084 ; 363 ; 163; 50 ; 40 ; 50; 27;  0; 0
ALCP420.COB ; 3673 ; 1291 ; 437 ; 203; 36 ; 32 ; 36; 20;  0; 0
ALCP421.COB ; 951 ; 554 ; 242 ; 68; 46 ; 40 ; 44; 28;  0; 0
ALCP422.COB ; 1528 ; 953 ; 411 ; 150; 46 ; 40 ; 44; 28;  0; 0
ALCP423.COB ; 2538 ; 681 ; 280 ; 76; 46 ; 40 ; 44; 28;  0; 0
ALCP424.COB ; 846 ; 588 ; 144 ; 62; 22 ; 22 ; 20; 14;  0; 0
ALCP425.COB ; 1136 ; 436 ; 113 ; 53; 54 ; 45 ; 52; 28;  0; 0
ALCP470.COB ; 2494 ; 1615 ; 513 ; 287; 35 ; 30 ; 33; 22;  0; 0
ALCP500.COB ; 5124 ; 3373 ; 1535 ; 612; 40 ; 27 ; 39; 19;  0; 0
ALCP502.COB ; 6183 ; 3301 ; 1342 ; 521; 59 ; 38 ; 59; 25;  0; 0
ALCP504.COB ; 6370 ; 3090 ; 1102 ; 484; 23 ; 22 ; 21; 14;  0; 0
ALCP505.COB ; 601 ; 413 ; 128 ; 34; 44 ; 29 ; 44; 20;  0; 0
ALCP519.COB ; 6619 ; 3743 ; 1678 ; 911; 34 ; 31 ; 32; 19;  0; 0
ALCP520.COB ; 5343 ; 1785 ; 758 ; 379; 20 ; 11 ; 18; 7;  0; 0
ALCP540.COB ; 8943 ; 4983 ; 2306 ; 1240; 54 ; 43 ; 52; 29;  0; 0
ALCP542.COB ; 6527 ; 1410 ; 621 ; 312; 64 ; 42 ; 64; 30;  0; 0
ALCP543.COB ; 1232 ; 435 ; 77 ; 21; 33 ; 19 ; 33; 13;  0; 0
ALCP544.COB ; 1349 ; 812 ; 226 ; 67; 25 ; 11 ; 23; 7;  0; 0
ALCP545.COB ; 564 ; 407 ; 123 ; 36; 24 ; 10 ; 22; 6;  0; 0
ALCP550.COB ; 2291 ; 780 ; 308 ; 139; 81 ; 76 ; 81; 43;  0; 0
ALCP551.COB ; 874 ; 616 ; 219 ; 75; 32 ; 27 ; 30; 19;  0; 0
ALCP552.COB ; 743 ; 526 ; 189 ; 64; 22 ; 22 ; 21; 15;  0; 0
ALCP558.COB ; 1435 ; 1035 ; 274 ; 121; 60 ; 44 ; 58; 22;  0; 0
ALCP559.COB ; 1262 ; 846 ; 219 ; 108; 22 ; 22 ; 20; 14;  0; 0
ALCP570.COB ; 2328 ; 1068 ; 268 ; 131; 33 ; 27 ; 31; 19;  0; 0
ALCP571.COB ; 1796 ; 793 ; 227 ; 110; 29 ; 28 ; 27; 19;  0; 0
ALCP575.COB ; 3913 ; 902 ; 283 ; 71; 80 ; 47 ; 80; 34;  0; 0
ALCP577.COB ; 6937 ; 3351 ; 1372 ; 784; 75 ; 59 ; 75; 41;  0; 0
ALCP579.COB ; 2180 ; 408 ; 113 ; 36; 31 ; 21 ; 31; 12;  0; 0
ALCP610.COB ; 423 ; 314 ; 72 ; 27; 11 ; 11 ; 11; 6;  0; 0
ALCP631.COB ; 2473 ; 1245 ; 433 ; 200; 22 ; 24 ; 22; 14;  0; 0
ALCP637.COB ; 1848 ; 791 ; 235 ; 97; 22 ; 24 ; 22; 14;  0; 0
ALCP639.COB ; 3272 ; 1019 ; 298 ; 163; 33 ; 40 ; 33; 24;  0; 0
ALCP644.COB ; 1279 ; 475 ; 144 ; 33; 29 ; 35 ; 27; 22;  0; 0
ALCP666.COB ; 6147 ; 3804 ; 1563 ; 973; 23 ; 22 ; 21; 14;  0; 0
ALCP667.COB ; 1098 ; 693 ; 198 ; 86; 22 ; 25 ; 20; 17;  0; 0
ALCP676.COB ; 1958 ; 887 ; 327 ; 126; 95 ; 89 ; 95; 53;  0; 0
ALCP679.COB ; 1586 ; 870 ; 257 ; 123; 28 ; 25 ; 28; 17;  0; 0
ALCP680.COB ; 575 ; 433 ; 115 ; 50; 80 ; 74 ; 80; 37;  0; 0
ALCP686.COB ; 3501 ; 1400 ; 607 ; 367; 55 ; 35 ; 55; 24;  0; 0
ALCP687.COB ; 2884 ; 882 ; 305 ; 144; 38 ; 33 ; 38; 22;  0; 0
ALCP688.COB ; 3488 ; 1207 ; 419 ; 221; 115 ; 74 ; 115; 49;  0; 0
ALCP689.COB ; 992 ; 746 ; 218 ; 111; 36 ; 36 ; 36; 23;  0; 0
ALCP690.COB ; 1176 ; 868 ; 298 ; 127; 60 ; 52 ; 59; 36;  0; 0
ALCP691.COB ; 972 ; 727 ; 214 ; 102; 84 ; 77 ; 82; 36;  0; 0
ALCP692.COB ; 2534 ; 1813 ; 884 ; 412; 70 ; 59 ; 70; 37;  0; 0
ALCP693.COB ; 2773 ; 2260 ; 1239 ; 576; 70 ; 59 ; 70; 37;  0; 0
ALCP694.COB ; 2645 ; 1980 ; 1043 ; 469; 33 ; 32 ; 33; 22;  0; 0
ALCP695.COB ; 2388 ; 1674 ; 767 ; 408; 43 ; 38 ; 43; 26;  0; 0
ALCP696.COB ; 2497 ; 1776 ; 852 ; 458; 43 ; 38 ; 43; 26;  0; 0
ALCP697.COB ; 2611 ; 1922 ; 986 ; 524; 62 ; 56 ; 62; 40;  0; 0
ALCP698.COB ; 302 ; 182 ; 60 ; 9; 22 ; 11 ; 22; 8;  0; 0
ALCP700.COB ; 2187 ; 1483 ; 383 ; 196; 65 ; 46 ; 63; 23;  0; 0
ALCP701.COB ; 482 ; 468 ; 162 ; 68; 58 ; 39 ; 58; 27;  0; 0
ALCP702.COB ; 4117 ; 2014 ; 696 ; 336; 51 ; 47 ; 50; 33;  0; 0
ALCP703.COB ; 1950 ; 1223 ; 444 ; 196; 66 ; 71 ; 66; 31;  0; 0
ALCP704.COB ; 2316 ; 1666 ; 627 ; 266; 35 ; 32 ; 35; 22;  0; 0
ALCP705.COB ; 2988 ; 1810 ; 583 ; 267; 34 ; 28 ; 32; 20;  0; 0
ALCP706.COB ; 3630 ; 1833 ; 797 ; 402; 28 ; 25 ; 28; 16;  0; 0
ALCP707.COB ; 1426 ; 1074 ; 395 ; 179; 43 ; 40 ; 43; 28;  0; 0
ALCP754.COB ; 1831 ; 882 ; 295 ; 86; 34 ; 32 ; 34; 21;  0; 0
ALCP755.COB ; 1752 ; 779 ; 266 ; 66; 34 ; 32 ; 34; 21;  0; 0
ALCP787.COB ; 1244 ; 862 ; 326 ; 135; 38 ; 31 ; 36; 22;  0; 0
ALCP901.COB ; 19907 ; 3653 ; 1083 ; 486; 54 ; 44 ; 52; 30;  0; 0
ALCP936.COB ; 1346 ; 991 ; 368 ; 181; 34 ; 30 ; 34; 20;  0; 0
ALCP998.COB ; 1601 ; 888 ; 272 ; 127; 27 ; 27 ; 27; 18;  0; 0
ALCS024.COB ; 4550 ; 2720 ; 1339 ; 576; 12 ; 9 ; 10; 5;  0; 0
ALCS025.COB ; 2498 ; 1626 ; 918 ; 458; 12 ; 9 ; 10; 5;  0; 0
ALCS026.COB ; 4377 ; 2529 ; 1451 ; 670; 12 ; 9 ; 10; 5;  0; 0
ALCS027.COB ; 3947 ; 2288 ; 1305 ; 596; 12 ; 9 ; 10; 5;  0; 0
ALCS028.COB ; 3214 ; 2019 ; 1152 ; 561; 12 ; 9 ; 10; 5;  0; 0
ALCS029.COB ; 3131 ; 1937 ; 1108 ; 547; 12 ; 9 ; 10; 5;  0; 0
ALCS030.COB ; 2452 ; 1508 ; 907 ; 373; 12 ; 9 ; 10; 5;  0; 0
ALCS031.COB ; 2486 ; 1589 ; 894 ; 433; 12 ; 9 ; 10; 5;  0; 0
ALCS032.COB ; 2925 ; 1664 ; 1033 ; 445; 12 ; 9 ; 10; 5;  0; 0
ALCS048.COB ; 2712 ; 1517 ; 882 ; 393; 12 ; 9 ; 10; 5;  0; 0
ALCS049.COB ; 3321 ; 1967 ; 1093 ; 494; 12 ; 9 ; 10; 5;  0; 0
ALCS065.COB ; 2422 ; 1512 ; 896 ; 408; 30 ; 27 ; 28; 17;  0; 0
ALCS066.COB ; 4426 ; 2716 ; 1246 ; 612; 30 ; 27 ; 28; 17;  0; 0
ALCS067.COB ; 2012 ; 1272 ; 743 ; 354; 12 ; 9 ; 10; 5;  0; 0
ALCS068.COB ; 2176 ; 1353 ; 823 ; 378; 12 ; 9 ; 10; 5;  0; 0
ALCS070.COB ; 2527 ; 1373 ; 885 ; 325; 6 ; 5 ; 5; 2;  0; 0
ALCS140.COB ; 2678 ; 1191 ; 684 ; 288; 5 ; 6 ; 5; 2;  0; 0
ALCS141.COB ; 6722 ; 3445 ; 1803 ; 798; 5 ; 6 ; 5; 2;  0; 0
ALCS142.COB ; 5808 ; 2954 ; 1710 ; 799; 34 ; 31 ; 32; 19;  0; 0
ALCS143.COB ; 6256 ; 2940 ; 1561 ; 753; 5 ; 6 ; 5; 2;  0; 0
ALCS144.COB ; 5430 ; 2497 ; 1350 ; 635; 5 ; 6 ; 5; 2;  0; 0
ALCS145.COB ; 2768 ; 1347 ; 778 ; 339; 25 ; 22 ; 23; 13;  0; 0
ALCS146.COB ; 5675 ; 3188 ; 1294 ; 697; 21 ; 16 ; 19; 9;  0; 0
ALCS147.COB ; 8252 ; 4910 ; 1986 ; 1135; 34 ; 31 ; 32; 19;  0; 0
ALCS150.COB ; 2294 ; 1230 ; 722 ; 311; 21 ; 15 ; 19; 9;  0; 0
ALCS151.COB ; 2603 ; 1555 ; 803 ; 360; 21 ; 15 ; 19; 9;  0; 0
ALCS152.COB ; 2191 ; 1120 ; 694 ; 268; 5 ; 6 ; 5; 2;  0; 0
ALCS241.COB ; 5366 ; 2818 ; 1449 ; 734; 19 ; 16 ; 19; 9;  0; 0
ALCS242.COB ; 5205 ; 2885 ; 1469 ; 760; 19 ; 16 ; 19; 9;  0; 0
ALCS244.COB ; 4968 ; 2699 ; 1363 ; 703; 19 ; 16 ; 19; 9;  0; 0
ALCS246.COB ; 7243 ; 4174 ; 1994 ; 1098; 19 ; 16 ; 19; 9;  0; 0
ALCS247.COB ; 6953 ; 3981 ; 1777 ; 988; 19 ; 16 ; 19; 9;  0; 0
ALCS248.COB ; 7136 ; 3844 ; 1807 ; 964; 19 ; 16 ; 19; 9;  0; 0
ALCS250.COB ; 2500 ; 1363 ; 795 ; 336; 19 ; 16 ; 19; 9;  0; 0
ALCS251.COB ; 2496 ; 1366 ; 795 ; 336; 19 ; 16 ; 19; 9;  0; 0
ALCU009.COB ; 6114 ; 5744 ; 3763 ; 1508; 18 ; 12 ; 18; 6;  0; 0
ALCU014.COB ; 781 ; 672 ; 246 ; 102; 104 ; 76 ; 104; 51;  0; 0
ALCU020.COB ; 2658 ; 1698 ; 525 ; 271; 65 ; 47 ; 65; 32;  0; 0
ALCU021.COB ; 14828 ; 14376 ; 6698 ; 4372; 36 ; 25 ; 34; 16;  0; 0
ALCU022.COB ; 2371 ; 1701 ; 654 ; 312; 77 ; 61 ; 77; 39;  0; 0
ALCU023.COB ; 1309 ; 958 ; 396 ; 164; 39 ; 23 ; 37; 14;  0; 0
ALCU024.COB ; 2811 ; 2096 ; 877 ; 510; 63 ; 40 ; 61; 26;  0; 0
ALCU026.COB ; 5431 ; 3803 ; 1484 ; 849; 80 ; 50 ; 80; 33;  0; 0
ALCU027.COB ; 1359 ; 798 ; 238 ; 110; 33 ; 31 ; 31; 19;  0; 0
ALCU028.COB ; 2100 ; 1213 ; 555 ; 294; 45 ; 31 ; 45; 20;  0; 0
ALCU029.COB ; 6177 ; 3982 ; 905 ; 551; 38 ; 32 ; 37; 21;  0; 0
ALCU030.COB ; 16361 ; 16090 ; 7477 ; 4972; 40 ; 31 ; 38; 20;  0; 0
ALCU031.COB ; 1918 ; 1353 ; 278 ; 166; 42 ; 34 ; 42; 22;  0; 0
ALCU034.COB ; 1104 ; 898 ; 382 ; 148; 42 ; 36 ; 40; 22;  0; 0
ALCU036.COB ; 1413 ; 996 ; 468 ; 148; 32 ; 19 ; 30; 11;  0; 0
ALCU039.COB ; 435 ; 407 ; 192 ; 97; 34 ; 25 ; 32; 15;  0; 0
ALCU042.COB ; 431 ; 407 ; 190 ; 97; 34 ; 25 ; 32; 15;  0; 0
ALCU045.COB ; 2888 ; 2158 ; 875 ; 437; 96 ; 80 ; 95; 52;  0; 0
ALCU047.COB ; 1783 ; 993 ; 538 ; 239; 85 ; 66 ; 83; 45;  0; 0
ALCU050.COB ; 4361 ; 3660 ; 1658 ; 1185; 30 ; 21 ; 30; 15;  0; 0
ALCU051.COB ; 1211 ; 765 ; 283 ; 165; 40 ; 34 ; 40; 22;  0; 0
ALCU052.COB ; 1812 ; 1136 ; 465 ; 158; 64 ; 34 ; 64; 22;  0; 0
ALCU053.COB ; 1396 ; 1063 ; 469 ; 210; 37 ; 24 ; 35; 15;  0; 0
ALCU061.COB ; 3309 ; 1983 ; 965 ; 461; 35 ; 23 ; 35; 13;  0; 0
ALCU062.COB ; 1912 ; 1125 ; 531 ; 260; 147 ; 114 ; 147; 77;  0; 0
ALCU063.COB ; 1916 ; 1420 ; 468 ; 298; 18 ; 21 ; 18; 12;  0; 0
ALCU064.COB ; 3210 ; 1344 ; 365 ; 197; 37 ; 32 ; 37; 18;  0; 0
ALCU065.COB ; 2635 ; 1761 ; 600 ; 382; 34 ; 48 ; 34; 23;  0; 0
ALCU066.COB ; 941 ; 534 ; 187 ; 88; 46 ; 53 ; 46; 27;  0; 0
ALCU067.COB ; 627 ; 417 ; 95 ; 44; 29 ; 33 ; 27; 21;  0; 0
ALCU068.COB ; 782 ; 411 ; 108 ; 60; 57 ; 63 ; 55; 36;  0; 0
ALCU069.COB ; 1677 ; 1021 ; 524 ; 355; 75 ; 64 ; 50; 29;  0; 0
ALCU070.COB ; 6206 ; 3961 ; 622 ; 352; 20 ; 13 ; 18; 8;  0; 0
ALCU071.COB ; 246 ; 222 ; 115 ; 30; 57 ; 52 ; 57; 24;  0; 0
ALCU080.COB ; 1215 ; 986 ; 431 ; 197; 85 ; 81 ; 85; 53;  0; 0
ALCU081.COB ; 1170 ; 890 ; 282 ; 143; 24 ; 17 ; 24; 11;  0; 0
ALCU082.COB ; 613 ; 296 ; 105 ; 46; 24 ; 17 ; 24; 11;  0; 0
ALCU100.COB ; 747 ; 559 ; 142 ; 56; 38 ; 37 ; 38; 22;  0; 0
ALCU101.COB ; 2944 ; 1221 ; 557 ; 275; 16 ; 10 ; 14; 5;  0; 0
ALCU102.COB ; 6585 ; 2581 ; 657 ; 427; 32 ; 34 ; 30; 21;  0; 0
ALCU103.COB ; 4828 ; 2090 ; 833 ; 453; 14 ; 10 ; 12; 5;  0; 0
ALCU250.COB ; 1677 ; 1220 ; 675 ; 364; 75 ; 63 ; 73; 44;  0; 0
ALCU252.COB ; 470 ; 319 ; 132 ; 69; 77 ; 71 ; 77; 45;  0; 0
ALCU254.COB ; 3928 ; 3652 ; 1883 ; 1236; 66 ; 80 ; 64; 54;  0; 0
ALCU260.COB ; 1652 ; 1266 ; 825 ; 504; 272 ; 279 ; 272; 191;  0; 0
ALCU261.COB ; 875 ; 624 ; 321 ; 168; 67 ; 78 ; 65; 51;  0; 0
ALCU262.COB ; 1330 ; 877 ; 478 ; 296; 127 ; 143 ; 127; 91;  0; 0
ALCU263.COB ; 1351 ; 902 ; 385 ; 176; 55 ; 34 ; 53; 22;  0; 0
ALCU264.COB ; 447 ; 284 ; 84 ; 59; 55 ; 74 ; 55; 41;  0; 0
ALCU265.COB ; 876 ; 586 ; 312 ; 141; 3 ; 6 ; 2; 3;  0; 0
ALCVD40.COB ; 616 ; 451 ; 189 ; 88; 13 ; 11 ; 11; 5;  0; 0
ALCVD41.COB ; 1235 ; 915 ; 349 ; 208; 15 ; 11 ; 13; 5;  0; 0
ALCVD42.COB ; 1169 ; 877 ; 337 ; 196; 15 ; 11 ; 13; 5;  0; 0
ALCVD43.COB ; 1074 ; 765 ; 277 ; 180; 13 ; 11 ; 11; 5;  0; 0
ALCVD44.COB ; 962 ; 682 ; 235 ; 138; 13 ; 11 ; 11; 5;  0; 0
ALCVD45.COB ; 800 ; 583 ; 225 ; 128; 13 ; 11 ; 11; 5;  0; 0
ALCVD46.COB ; 728 ; 534 ; 211 ; 114; 13 ; 11 ; 11; 5;  0; 0
ALCVD47.COB ; 970 ; 740 ; 305 ; 164; 15 ; 11 ; 13; 5;  0; 0
ALCVD69.COB ; 795 ; 607 ; 273 ; 121; 15 ; 11 ; 13; 5;  0; 0
ALCVD70.COB ; 963 ; 741 ; 301 ; 156; 15 ; 11 ; 13; 5;  0; 0
ALCVD71.COB ; 678 ; 493 ; 201 ; 100; 13 ; 11 ; 11; 5;  0; 0
ALCVF01.COB ; 1130 ; 900 ; 323 ; 182; 15 ; 11 ; 13; 5;  0; 0
ALCVF05.COB ; 852 ; 656 ; 285 ; 144; 15 ; 11 ; 13; 5;  0; 0
ALCVF08.COB ; 1132 ; 842 ; 333 ; 192; 15 ; 11 ; 13; 5;  0; 0
ALCVF11.COB ; 1618 ; 1131 ; 369 ; 272; 13 ; 11 ; 11; 5;  0; 0
ALCVF12.COB ; 1711 ; 1197 ; 399 ; 302; 13 ; 11 ; 11; 5;  0; 0
ALCVF13.COB ; 1565 ; 1099 ; 371 ; 274; 13 ; 11 ; 11; 5;  0; 0
ALCVF14.COB ; 1127 ; 844 ; 331 ; 190; 15 ; 11 ; 13; 5;  0; 0
ALCVF21.COB ; 836 ; 642 ; 281 ; 140; 15 ; 11 ; 13; 5;  0; 0
AMPB402.COB ; 1350 ; 1010 ; 318 ; 164; 234 ; 275 ; 234; 133;  0; 0
AMPB424.COB ; 1576 ; 1259 ; 430 ; 267; 356 ; 428 ; 356; 242;  0; 0
AMPB431.COB ; 3845 ; 2636 ; 524 ; 307; 133 ; 156 ; 133; 92;  0; 0
AMPB432.COB ; 2124 ; 1151 ; 316 ; 163; 126 ; 149 ; 124; 68;  0; 0
AMPB433.COB ; 3033 ; 1332 ; 388 ; 206; 152 ; 178 ; 150; 83;  0; 0
AMPB434.COB ; 3047 ; 1344 ; 388 ; 206; 152 ; 178 ; 150; 83;  0; 0
AMPB500.COB ; 1766 ; 1164 ; 424 ; 250; 35 ; 27 ; 33; 19;  0; 0
AMPB910.COB ; 3067 ; 2539 ; 1610 ; 471; 77 ; 73 ; 75; 48;  0; 0
AMPC100.COB ; 2001 ; 1279 ; 688 ; 262; 72 ; 69 ; 71; 41;  0; 0
AMPC110.COB ; 2156 ; 1399 ; 749 ; 275; 76 ; 73 ; 75; 41;  0; 0
AMPC120.COB ; 2156 ; 1399 ; 749 ; 275; 76 ; 73 ; 75; 41;  0; 0
AMPC130.COB ; 1930 ; 1222 ; 660 ; 253; 70 ; 67 ; 69; 41;  0; 0
AMPC140.COB ; 2227 ; 1452 ; 777 ; 282; 78 ; 75 ; 77; 41;  0; 0
AMPC150.COB ; 2225 ; 1454 ; 774 ; 284; 78 ; 75 ; 77; 41;  0; 0
AMPC160.COB ; 2227 ; 1452 ; 777 ; 282; 78 ; 75 ; 77; 41;  0; 0
AMPP423.COB ; 1920 ; 2093 ; 1141 ; 499; 32 ; 18 ; 31; 13;  0; 0
AMPP426.COB ; 3709 ; 3371 ; 596 ; 219; 64 ; 49 ; 62; 34;  0; 0
AMPP428.COB ; 5892 ; 5319 ; 699 ; 198; 163 ; 193 ; 162; 110;  0; 0
AMPP429.COB ; 2080 ; 1658 ; 358 ; 130; 58 ; 79 ; 58; 31;  0; 0
AMPP440.COB ; 696 ; 558 ; 208 ; 88; 10 ; 10 ; 9; 7;  0; 0
AMPP505.COB ; 1017 ; 771 ; 194 ; 101; 23 ; 25 ; 21; 17;  0; 0
AMPS001.COB ; 2034 ; 1004 ; 582 ; 251; 13 ; 9 ; 11; 4;  0; 0
AMPU025.COB ; 1012 ; 778 ; 515 ; 167; 54 ; 34 ; 54; 24;  0; 0
AMPU027.COB ; 1117 ; 853 ; 445 ; 199; 33 ; 21 ; 33; 15;  0; 0
AMPU028.COB ; 326 ; 154 ; 65 ; 11; 30 ; 21 ; 30; 11;  0; 0
AMPU029.COB ; 615 ; 274 ; 115 ; 54; 32 ; 23 ; 31; 15;  0; 0
AMPU101.COB ; 516 ; 307 ; 97 ; 46; 58 ; 49 ; 56; 30;  0; 0
AMPU800.COB ; 4109 ; 2371 ; 126 ; 74; 12 ; 12 ; 12; 6;  0; 0
AMPU801.COB ; 678 ; 381 ; 138 ; 69; 17 ; 17 ; 17; 9;  0; 0
CAPB005.COB ; 4526 ; 3471 ; 1617 ; 887; 70 ; 68 ; 68; 48;  0; 0
CAPB006.COB ; 2824 ; 2191 ; 784 ; 460; 106 ; 94 ; 104; 59;  0; 0
CAPB081.COB ; 1628 ; 1144 ; 399 ; 186; 77 ; 67 ; 77; 41;  0; 0
CAPB082.COB ; 1617 ; 1140 ; 397 ; 186; 77 ; 67 ; 77; 41;  0; 0
CAPB083.COB ; 1700 ; 1123 ; 381 ; 185; 74 ; 64 ; 74; 39;  0; 0
CAPB087.COB ; 1465 ; 1036 ; 307 ; 170; 34 ; 27 ; 32; 19;  0; 0
CAPP001.COB ; 1874 ; 1312 ; 426 ; 211; 50 ; 51 ; 48; 29;  0; 0
CAPP002.COB ; 2529 ; 1831 ; 677 ; 349; 32 ; 27 ; 30; 19;  0; 0
CAPP003.COB ; 4441 ; 3250 ; 1524 ; 839; 64 ; 59 ; 62; 43;  0; 0
CAPP011.COB ; 2066 ; 1384 ; 480 ; 218; 142 ; 137 ; 142; 74;  0; 0
CAPP012.COB ; 3234 ; 2145 ; 952 ; 448; 64 ; 25 ; 64; 17;  0; 0
CAPP013.COB ; 686 ; 444 ; 152 ; 58; 67 ; 52 ; 66; 32;  0; 0
CAPP014.COB ; 1132 ; 750 ; 256 ; 134; 47 ; 28 ; 47; 21;  0; 0
CAPP015.COB ; 1902 ; 1324 ; 489 ; 275; 64 ; 38 ; 62; 29;  0; 0
CAPP016.COB ; 742 ; 600 ; 214 ; 88; 27 ; 11 ; 25; 7;  0; 0
CAPP017.COB ; 742 ; 600 ; 214 ; 88; 27 ; 11 ; 25; 7;  0; 0
CAPP022.COB ; 649 ; 438 ; 144 ; 58; 67 ; 52 ; 66; 32;  0; 0
CAPP023.COB ; 1068 ; 824 ; 271 ; 124; 31 ; 13 ; 31; 8;  0; 0
CAPP026.COB ; 1519 ; 1107 ; 360 ; 161; 78 ; 89 ; 76; 54;  0; 0
CAPP027.COB ; 302 ; 269 ; 74 ; 17; 38 ; 23 ; 36; 15;  0; 0
CAPP028.COB ; 387 ; 293 ; 80 ; 30; 42 ; 25 ; 42; 19;  0; 0
CAPP032.COB ; 1307 ; 963 ; 347 ; 175; 59 ; 37 ; 59; 28;  0; 0
CAPP033.COB ; 1048 ; 770 ; 288 ; 134; 24 ; 17 ; 22; 8;  0; 0
CAPP039.COB ; 1927 ; 1285 ; 528 ; 234; 68 ; 65 ; 66; 47;  0; 0
CAPP043.COB ; 2237 ; 1539 ; 619 ; 297; 45 ; 21 ; 45; 14;  0; 0
CAPP046.COB ; 2433 ; 1419 ; 502 ; 240; 23 ; 23 ; 21; 15;  0; 0
CAPP047.COB ; 2918 ; 1518 ; 594 ; 251; 23 ; 23 ; 21; 15;  0; 0
CAPP048.COB ; 2820 ; 1443 ; 685 ; 251; 23 ; 23 ; 23; 15;  0; 0
CAPP049.COB ; 1256 ; 913 ; 268 ; 96; 34 ; 37 ; 32; 25;  0; 0
CAPP050.COB ; 2854 ; 1472 ; 566 ; 253; 23 ; 23 ; 23; 15;  0; 0
CAPP061.COB ; 2816 ; 1729 ; 606 ; 268; 23 ; 23 ; 23; 15;  0; 0
CAPP063.COB ; 1516 ; 996 ; 374 ; 146; 64 ; 57 ; 62; 41;  0; 0
CAPP064.COB ; 2091 ; 1461 ; 512 ; 235; 120 ; 120 ; 118; 70;  0; 0
CAPP070.COB ; 589 ; 481 ; 107 ; 44; 100 ; 81 ; 100; 43;  0; 0
CAPP071.COB ; 710 ; 561 ; 178 ; 64; 75 ; 79 ; 73; 42;  0; 0
CAPP073.COB ; 749 ; 544 ; 175 ; 63; 34 ; 37 ; 32; 26;  0; 0
CAPP084.COB ; 2340 ; 1303 ; 444 ; 229; 94 ; 82 ; 92; 53;  0; 0
CAPP085.COB ; 2359 ; 1308 ; 442 ; 230; 94 ; 82 ; 92; 53;  0; 0
CAPP086.COB ; 1109 ; 741 ; 218 ; 85; 97 ; 83 ; 95; 43;  0; 0
CAPS001.COB ; 5300 ; 3505 ; 1666 ; 919; 39 ; 33 ; 37; 21;  0; 0
CAPS002.COB ; 8150 ; 5347 ; 2655 ; 1487; 52 ; 48 ; 50; 31;  0; 0
CAPS003.COB ; 3794 ; 2135 ; 1090 ; 562; 39 ; 33 ; 37; 21;  0; 0
CAPS004.COB ; 5075 ; 2846 ; 1499 ; 772; 39 ; 33 ; 37; 21;  0; 0
CAPS005.COB ; 2737 ; 1488 ; 780 ; 337; 39 ; 33 ; 37; 21;  0; 0
CAPS006.COB ; 4645 ; 2616 ; 1286 ; 660; 39 ; 33 ; 37; 21;  0; 0
CAPS007.COB ; 2993 ; 1814 ; 978 ; 454; 44 ; 36 ; 42; 23;  0; 0
CAPU004.COB ; 2118 ; 1525 ; 773 ; 388; 8 ; 13 ; 6; 3;  0; 0
CAPU005.COB ; 853 ; 716 ; 236 ; 99; 52 ; 50 ; 52; 31;  0; 0
CAPVA01.COB ; 960 ; 741 ; 255 ; 158; 13 ; 11 ; 11; 5;  0; 0
CAPVA02.COB ; 1236 ; 891 ; 313 ; 216; 13 ; 11 ; 11; 5;  0; 0
CAPVA03.COB ; 1101 ; 870 ; 329 ; 188; 15 ; 11 ; 13; 5;  0; 0
CAPVA04.COB ; 1369 ; 1072 ; 379 ; 238; 15 ; 11 ; 13; 5;  0; 0
CAPVA05.COB ; 736 ; 541 ; 213 ; 116; 13 ; 11 ; 11; 5;  0; 0
CAPVA06.COB ; 836 ; 611 ; 233 ; 136; 13 ; 11 ; 11; 5;  0; 0
CAPVA07.COB ; 805 ; 628 ; 275 ; 123; 15 ; 11 ; 13; 5;  0; 0
CVDB001.COB ; 7263 ; 5221 ; 2143 ; 1429; 103 ; 91 ; 102; 60;  0; 0
CVDB002.COB ; 4923 ; 3200 ; 1236 ; 681; 56 ; 43 ; 54; 29;  0; 0
CVDB003.COB ; 1595 ; 1095 ; 315 ; 160; 120 ; 117 ; 118; 66;  0; 0
CVDB004.COB ; 3214 ; 2040 ; 807 ; 430; 44 ; 35 ; 42; 23;  0; 0
CVDB010.COB ; 1811 ; 1124 ; 434 ; 203; 72 ; 85 ; 70; 52;  0; 0
CVDB011.COB ; 1799 ; 1110 ; 436 ; 236; 105 ; 110 ; 103; 64;  0; 0
CVDB101.COB ; 1775 ; 1257 ; 438 ; 222; 23 ; 23 ; 23; 14;  0; 0
CVDB105.COB ; 1999 ; 1390 ; 457 ; 259; 175 ; 202 ; 173; 108;  0; 0
CVDB202.COB ; 1879 ; 1103 ; 473 ; 248; 165 ; 188 ; 163; 105;  0; 0
CVDC001.COB ; 3081 ; 2283 ; 1252 ; 597; 29 ; 24 ; 29; 11;  0; 0
CVDC002.COB ; 2104 ; 1512 ; 783 ; 340; 27 ; 26 ; 27; 9;  0; 0
CVDC003.COB ; 2054 ; 1491 ; 777 ; 343; 27 ; 26 ; 27; 9;  0; 0
CVDC004.COB ; 2207 ; 1683 ; 899 ; 451; 29 ; 20 ; 29; 10;  0; 0
CVDC005.COB ; 1628 ; 1063 ; 631 ; 254; 33 ; 21 ; 31; 12;  0; 0
CVDC006.COB ; 2674 ; 2073 ; 1093 ; 518; 20 ; 15 ; 20; 8;  0; 0
CVDC007.COB ; 2374 ; 1787 ; 931 ; 475; 29 ; 24 ; 29; 11;  0; 0
CVDC010.COB ; 1588 ; 1011 ; 610 ; 246; 25 ; 15 ; 25; 8;  0; 0
CVDP005.COB ; 1535 ; 971 ; 247 ; 122; 25 ; 22 ; 23; 14;  0; 0
CVDP006.COB ; 1227 ; 851 ; 233 ; 80; 152 ; 145 ; 152; 72;  0; 0
CVDP007.COB ; 1706 ; 1041 ; 277 ; 141; 25 ; 22 ; 23; 14;  0; 0
CVDP008.COB ; 1244 ; 863 ; 237 ; 81; 156 ; 150 ; 156; 73;  0; 0
CVDP009.COB ; 1526 ; 950 ; 322 ; 113; 23 ; 22 ; 23; 14;  0; 0
CVDP100.COB ; 2904 ; 1942 ; 756 ; 374; 36 ; 31 ; 36; 22;  0; 0
CVDP102.COB ; 2926 ; 1679 ; 636 ; 383; 23 ; 23 ; 23; 14;  0; 0
CVDP103.COB ; 2894 ; 1637 ; 645 ; 367; 83 ; 77 ; 83; 43;  0; 0
CVDP104.COB ; 1143 ; 862 ; 225 ; 82; 37 ; 31 ; 35; 22;  0; 0
CVDP201.COB ; 1751 ; 1000 ; 276 ; 136; 46 ; 43 ; 46; 25;  0; 0
CVDS001.COB ; 3951 ; 2115 ; 1134 ; 524; 29 ; 27 ; 29; 17;  0; 0
CVDS002.COB ; 4175 ; 2475 ; 1124 ; 577; 29 ; 27 ; 29; 17;  0; 0
CVDS003.COB ; 4026 ; 2318 ; 1084 ; 543; 29 ; 27 ; 29; 17;  0; 0
CVDS004.COB ; 2980 ; 1491 ; 833 ; 371; 29 ; 27 ; 29; 17;  0; 0
CVDS006.COB ; 5301 ; 3397 ; 1552 ; 831; 5 ; 3 ; 3; 2;  0; 0
CVDS007.COB ; 4408 ; 2766 ; 1298 ; 669; 29 ; 27 ; 29; 17;  0; 0
CVDU001.COB ; 817 ; 373 ; 127 ; 68; 29 ; 24 ; 27; 16;  0; 0
CVDU002.COB ; 3148 ; 1717 ; 688 ; 378; 43 ; 33 ; 41; 22;  0; 0
CVDU003.COB ; 630 ; 369 ; 161 ; 68; 33 ; 22 ; 31; 13;  0; 0
DABB011.COB ; 8689 ; 5868 ; 2583 ; 1435; 71 ; 80 ; 69; 58;  0; 0
DABB026.COB ; 1462 ; 942 ; 305 ; 167; 52 ; 47 ; 52; 32;  0; 0
DABB043.COB ; 2558 ; 1784 ; 705 ; 327; 72 ; 71 ; 70; 51;  0; 0
DABB070.COB ; 1886 ; 1217 ; 339 ; 160; 67 ; 63 ; 65; 41;  0; 0
DABB071.COB ; 1967 ; 1225 ; 339 ; 160; 67 ; 63 ; 65; 41;  0; 0
DABB072.COB ; 2324 ; 1581 ; 431 ; 200; 67 ; 63 ; 65; 41;  0; 0
DABB101.COB ; 3917 ; 2680 ; 980 ; 590; 28 ; 25 ; 28; 16;  0; 0
DABB103.COB ; 2444 ; 1565 ; 587 ; 293; 34 ; 28 ; 32; 18;  0; 0
DABB104.COB ; 2474 ; 1825 ; 729 ; 398; 68 ; 54 ; 66; 36;  0; 0
DABB105.COB ; 1171 ; 1019 ; 308 ; 176; 42 ; 45 ; 42; 28;  0; 0
DABB222.COB ; 1719 ; 1065 ; 290 ; 154; 34 ; 29 ; 32; 21;  0; 0
DABB223.COB ; 1232 ; 971 ; 332 ; 163; 41 ; 36 ; 41; 21;  0; 0
DABB224.COB ; 2737 ; 1097 ; 296 ; 159; 34 ; 29 ; 32; 21;  0; 0
DABB226.COB ; 2661 ; 1304 ; 329 ; 172; 37 ; 34 ; 35; 25;  0; 0
DABB400.COB ; 5501 ; 4359 ; 1940 ; 874; 40 ; 34 ; 38; 26;  0; 0
DABB401.COB ; 1869 ; 1436 ; 520 ; 273; 83 ; 75 ; 81; 48;  0; 0
DABB598.COB ; 1526 ; 1114 ; 383 ; 200; 166 ; 153 ; 165; 94;  0; 0
DABB600.COB ; 2305 ; 1399 ; 461 ; 222; 159 ; 126 ; 157; 73;  0; 0
DABB601.COB ; 3567 ; 1679 ; 517 ; 284; 34 ; 29 ; 32; 21;  0; 0
DABB603.COB ; 2002 ; 1369 ; 430 ; 191; 23 ; 22 ; 23; 14;  0; 0
DABB604.COB ; 1074 ; 899 ; 260 ; 125; 189 ; 209 ; 189; 101;  0; 0
DABB611.COB ; 3083 ; 2069 ; 701 ; 353; 191 ; 198 ; 189; 125;  0; 0
DABB612.COB ; 1716 ; 1155 ; 411 ; 216; 61 ; 55 ; 59; 39;  0; 0
DABB701.COB ; 2680 ; 1884 ; 662 ; 315; 67 ; 65 ; 65; 42;  0; 0
DABB703.COB ; 1533 ; 1180 ; 357 ; 182; 83 ; 96 ; 81; 51;  0; 0
DABB705.COB ; 2471 ; 1754 ; 642 ; 305; 100 ; 104 ; 100; 66;  0; 0
DABB732.COB ; 1597 ; 973 ; 283 ; 151; 78 ; 89 ; 76; 48;  0; 0
DABB734.COB ; 1812 ; 1100 ; 336 ; 172; 44 ; 34 ; 42; 24;  0; 0
DABB739.COB ; 1926 ; 1247 ; 373 ; 203; 265 ; 306 ; 263; 151;  0; 0
DABB740.COB ; 1742 ; 1145 ; 337 ; 186; 230 ; 272 ; 228; 135;  0; 0
DABB741.COB ; 1848 ; 1163 ; 339 ; 187; 232 ; 275 ; 230; 136;  0; 0
DABB742.COB ; 3384 ; 1442 ; 362 ; 203; 128 ; 143 ; 128; 80;  0; 0
DABB743.COB ; 1761 ; 1165 ; 343 ; 189; 236 ; 279 ; 234; 138;  0; 0
DABB744.COB ; 3391 ; 1448 ; 362 ; 203; 128 ; 143 ; 128; 80;  0; 0
DABB745.COB ; 1802 ; 1151 ; 339 ; 187; 232 ; 275 ; 230; 136;  0; 0
DABB746.COB ; 1800 ; 1149 ; 337 ; 186; 230 ; 272 ; 228; 135;  0; 0
DABB747.COB ; 1802 ; 1151 ; 339 ; 187; 232 ; 275 ; 230; 136;  0; 0
DABB748.COB ; 2053 ; 1338 ; 397 ; 213; 27 ; 29 ; 25; 19;  0; 0
DABB749.COB ; 1873 ; 1163 ; 339 ; 187; 232 ; 275 ; 230; 136;  0; 0
DABB750.COB ; 1872 ; 1163 ; 339 ; 187; 232 ; 275 ; 230; 136;  0; 0
DABB751.COB ; 2140 ; 1420 ; 424 ; 225; 27 ; 30 ; 25; 20;  0; 0
DABB752.COB ; 1928 ; 1166 ; 355 ; 193; 126 ; 141 ; 126; 77;  0; 0
DABB753.COB ; 1679 ; 969 ; 296 ; 146; 69 ; 59 ; 69; 38;  0; 0
DABB825.COB ; 1863 ; 1280 ; 349 ; 207; 40 ; 42 ; 40; 23;  0; 0
DABB875.COB ; 2249 ; 1582 ; 598 ; 267; 65 ; 61 ; 63; 43;  0; 0
DABB887.COB ; 2922 ; 2010 ; 721 ; 369; 72 ; 71 ; 70; 51;  0; 0
DABB937.COB ; 6294 ; 2779 ; 665 ; 320; 34 ; 30 ; 34; 20;  0; 0
DABP012.COB ; 1951 ; 1222 ; 376 ; 233; 24 ; 22 ; 22; 14;  0; 0
DABP035.COB ; 831 ; 441 ; 111 ; 41; 62 ; 62 ; 60; 32;  0; 0
DABP096.COB ; 2276 ; 1243 ; 449 ; 199; 23 ; 22 ; 21; 14;  0; 0
DABP100.COB ; 995 ; 730 ; 230 ; 101; 27 ; 27 ; 27; 19;  0; 0
DABP102.COB ; 1953 ; 1298 ; 434 ; 209; 23 ; 22 ; 23; 14;  0; 0
DABP106.COB ; 4233 ; 1939 ; 661 ; 338; 32 ; 29 ; 30; 19;  0; 0
DABP108.COB ; 1050 ; 778 ; 235 ; 125; 29 ; 29 ; 27; 21;  0; 0
DABP110.COB ; 2213 ; 1572 ; 563 ; 270; 53 ; 47 ; 53; 31;  0; 0
DABP111.COB ; 726 ; 456 ; 106 ; 43; 30 ; 28 ; 30; 19;  0; 0
DABP112.COB ; 982 ; 604 ; 171 ; 62; 28 ; 28 ; 28; 19;  0; 0
DABP113.COB ; 2172 ; 1535 ; 554 ; 268; 56 ; 56 ; 56; 38;  0; 0
DABP114.COB ; 2177 ; 1549 ; 563 ; 280; 63 ; 64 ; 63; 44;  0; 0
DABP115.COB ; 2186 ; 1556 ; 562 ; 278; 47 ; 43 ; 47; 29;  0; 0
DABP116.COB ; 3266 ; 1523 ; 502 ; 262; 81 ; 65 ; 81; 45;  0; 0
DABP117.COB ; 5303 ; 2880 ; 1091 ; 649; 23 ; 22 ; 21; 14;  0; 0
DABP120.COB ; 271 ; 265 ; 56 ; 22; 52 ; 42 ; 52; 22;  0; 0
DABP141.COB ; 1238 ; 840 ; 296 ; 112; 26 ; 26 ; 24; 17;  0; 0
DABP142.COB ; 1487 ; 850 ; 289 ; 107; 47 ; 36 ; 45; 22;  0; 0
DABP214.COB ; 2963 ; 1658 ; 591 ; 237; 43 ; 37 ; 41; 26;  0; 0
DABP216.COB ; 4629 ; 2288 ; 763 ; 392; 23 ; 22 ; 21; 14;  0; 0
DABP217.COB ; 1174 ; 720 ; 255 ; 103; 172 ; 175 ; 172; 98;  0; 0
DABP218.COB ; 1162 ; 638 ; 173 ; 85; 85 ; 95 ; 85; 57;  0; 0
DABP219.COB ; 3153 ; 1478 ; 502 ; 221; 92 ; 104 ; 92; 58;  0; 0
DABP225.COB ; 2181 ; 1284 ; 475 ; 210; 35 ; 32 ; 33; 22;  0; 0
DABP410.COB ; 2489 ; 1938 ; 833 ; 422; 26 ; 24 ; 26; 14;  0; 0
DABP411.COB ; 2505 ; 1945 ; 833 ; 422; 26 ; 24 ; 26; 14;  0; 0
DABP412.COB ; 2461 ; 1893 ; 833 ; 422; 26 ; 24 ; 26; 14;  0; 0
DABP413.COB ; 2196 ; 1511 ; 640 ; 302; 90 ; 61 ; 88; 42;  0; 0
DABP414.COB ; 1664 ; 1126 ; 429 ; 188; 58 ; 35 ; 56; 28;  0; 0
DABP415.COB ; 1734 ; 1197 ; 449 ; 197; 57 ; 34 ; 55; 27;  0; 0
DABP416.COB ; 2132 ; 1699 ; 706 ; 380; 122 ; 132 ; 120; 96;  0; 0
DABP419.COB ; 2333 ; 1655 ; 696 ; 338; 41 ; 33 ; 39; 25;  0; 0
DABP421.COB ; 2240 ; 1520 ; 603 ; 327; 31 ; 35 ; 31; 23;  0; 0
DABP422.COB ; 2419 ; 1579 ; 616 ; 318; 66 ; 75 ; 64; 45;  0; 0
DABP423.COB ; 3094 ; 2096 ; 869 ; 424; 84 ; 91 ; 82; 67;  0; 0
DABP426.COB ; 2249 ; 1723 ; 761 ; 415; 38 ; 32 ; 36; 24;  0; 0
DABP430.COB ; 1749 ; 491 ; 410 ; 34; 23 ; 22 ; 21; 14;  0; 0
DABP431.COB ; 1011 ; 757 ; 268 ; 112; 71 ; 70 ; 69; 50;  0; 0
DABP435.COB ; 1809 ; 1046 ; 426 ; 177; 23 ; 22 ; 21; 14;  0; 0
DABP437.COB ; 1936 ; 1139 ; 446 ; 215; 37 ; 22 ; 37; 14;  0; 0
DABP441.COB ; 2073 ; 1261 ; 484 ; 218; 36 ; 32 ; 35; 24;  0; 0
DABP480.COB ; 1432 ; 1259 ; 526 ; 322; 31 ; 27 ; 30; 19;  0; 0
DABP597.COB ; 569 ; 424 ; 152 ; 61; 34 ; 34 ; 32; 23;  0; 0
DABP599.COB ; 577 ; 432 ; 152 ; 62; 34 ; 34 ; 32; 23;  0; 0
DABP613.COB ; 1203 ; 785 ; 235 ; 75; 50 ; 41 ; 48; 26;  0; 0
DABP721.COB ; 441 ; 317 ; 69 ; 25; 48 ; 37 ; 48; 24;  0; 0
DABP722.COB ; 1334 ; 767 ; 185 ; 86; 55 ; 45 ; 53; 28;  0; 0
DABP723.COB ; 1442 ; 773 ; 203 ; 93; 58 ; 51 ; 58; 30;  0; 0
DABP725.COB ; 1374 ; 821 ; 198 ; 100; 22 ; 22 ; 22; 14;  0; 0
DABP726.COB ; 1390 ; 833 ; 194 ; 98; 26 ; 25 ; 25; 18;  0; 0
DABP727.COB ; 1362 ; 805 ; 184 ; 90; 26 ; 25 ; 25; 18;  0; 0
DABP728.COB ; 1391 ; 831 ; 204 ; 102; 22 ; 22 ; 22; 14;  0; 0
DABP729.COB ; 1333 ; 762 ; 181 ; 82; 23 ; 25 ; 21; 17;  0; 0
DABP731.COB ; 1248 ; 760 ; 185 ; 84; 53 ; 42 ; 51; 26;  0; 0
DABP733.COB ; 1394 ; 857 ; 232 ; 121; 27 ; 30 ; 27; 18;  0; 0
DABP736.COB ; 3250 ; 1225 ; 289 ; 161; 60 ; 53 ; 60; 34;  0; 0
DABP738.COB ; 3962 ; 1316 ; 313 ; 170; 29 ; 30 ; 29; 20;  0; 0
DABP801.COB ; 2029 ; 1383 ; 515 ; 234; 34 ; 34 ; 32; 23;  0; 0
DABP807.COB ; 1004 ; 532 ; 146 ; 51; 20 ; 9 ; 18; 5;  0; 0
DABP811.COB ; 603 ; 423 ; 134 ; 42; 20 ; 9 ; 18; 5;  0; 0
DABP815.COB ; 1499 ; 740 ; 169 ; 83; 25 ; 25 ; 24; 18;  0; 0
DABP820.COB ; 1318 ; 895 ; 312 ; 214; 26 ; 25 ; 25; 18;  0; 0
DABP840.COB ; 843 ; 408 ; 145 ; 34; 34 ; 34 ; 34; 24;  0; 0
DABP851.COB ; 732 ; 474 ; 123 ; 58; 32 ; 30 ; 31; 21;  0; 0
DABP860.COB ; 964 ; 657 ; 166 ; 80; 104 ; 121 ; 102; 61;  0; 0
DABP888.COB ; 612 ; 489 ; 112 ; 46; 47 ; 34 ; 45; 24;  0; 0
DABP936.COB ; 2076 ; 1021 ; 343 ; 139; 73 ; 78 ; 73; 40;  0; 0
DABS005.COB ; 2559 ; 1395 ; 733 ; 384; 5 ; 6 ; 5; 2;  0; 0
DABS010.COB ; 8435 ; 5637 ; 1995 ; 1133; 15 ; 13 ; 15; 7;  0; 0
DABS020.COB ; 4834 ; 3088 ; 1573 ; 803; 21 ; 19 ; 21; 11;  0; 0
DABS050.COB ; 5566 ; 3574 ; 1724 ; 894; 5 ; 6 ; 5; 2;  0; 0
DABS060.COB ; 6338 ; 4019 ; 1914 ; 976; 5 ; 6 ; 5; 2;  0; 0
DABS070.COB ; 4264 ; 2636 ; 1305 ; 663; 5 ; 6 ; 5; 2;  0; 0
DABS080.COB ; 4672 ; 3090 ; 1571 ; 880; 21 ; 19 ; 21; 11;  0; 0
DABS085.COB ; 1986 ; 1155 ; 704 ; 293; 5 ; 6 ; 5; 2;  0; 0
DABS090.COB ; 4786 ; 3103 ; 1448 ; 782; 5 ; 6 ; 5; 2;  0; 0
DABS095.COB ; 4163 ; 2751 ; 1448 ; 754; 5 ; 6 ; 5; 2;  0; 0
DABU001.COB ; 778 ; 659 ; 199 ; 100; 43 ; 39 ; 43; 25;  0; 0
DABU003.COB ; 791 ; 578 ; 157 ; 82; 64 ; 55 ; 60; 37;  0; 0
DABU005.COB ; 2339 ; 1465 ; 456 ; 201; 52 ; 39 ; 51; 27;  0; 0
DABU006.COB ; 3129 ; 2681 ; 1119 ; 550; 24 ; 27 ; 22; 13;  0; 0
DABU007.COB ; 1323 ; 1007 ; 358 ; 178; 40 ; 30 ; 40; 19;  0; 0
DABU008.COB ; 1055 ; 885 ; 323 ; 168; 31 ; 34 ; 31; 22;  0; 0
DABU009.COB ; 2097 ; 1737 ; 604 ; 302; 29 ; 16 ; 28; 11;  0; 0
DABU014.COB ; 1503 ; 1017 ; 316 ; 145; 27 ; 17 ; 25; 10;  0; 0
DABU015.COB ; 1193 ; 985 ; 371 ; 190; 32 ; 16 ; 31; 11;  0; 0
DABU023.COB ; 1003 ; 839 ; 305 ; 162; 31 ; 34 ; 31; 22;  0; 0
DABU500.COB ; 6785 ; 3873 ; 1530 ; 833; 20 ; 21 ; 20; 13;  0; 0
DABU998.COB ; 1606 ; 1439 ; 359 ; 132; 193 ; 112 ; 193; 74;  0; 0
DABU999.COB ; 1002 ; 928 ; 165 ; 81; 21 ; 21 ; 21; 13;  0; 0
DABVA05.COB ; 606 ; 444 ; 187 ; 86; 13 ; 11 ; 11; 5;  0; 0
DABVA10.COB ; 1085 ; 829 ; 325 ; 184; 15 ; 11 ; 13; 5;  0; 0
DABVA20.COB ; 1232 ; 884 ; 311 ; 214; 13 ; 11 ; 11; 5;  0; 0
DABVA50.COB ; 1002 ; 719 ; 237 ; 140; 13 ; 11 ; 11; 5;  0; 0
DABVA60.COB ; 1111 ; 793 ; 275 ; 178; 13 ; 11 ; 11; 5;  0; 0
DABVA70.COB ; 895 ; 694 ; 291 ; 150; 15 ; 11 ; 13; 5;  0; 0
DABVA80.COB ; 976 ; 708 ; 270 ; 163; 13 ; 11 ; 11; 5;  0; 0
DABVA85.COB ; 763 ; 584 ; 267 ; 115; 15 ; 11 ; 13; 5;  0; 0
DABVA90.COB ; 985 ; 758 ; 307 ; 166; 15 ; 11 ; 13; 5;  0; 0
DABVA95.COB ; 920 ; 690 ; 271 ; 162; 13 ; 11 ; 11; 5;  0; 0
HSAB050.COB ; 2356 ; 1445 ; 495 ; 242; 45 ; 42 ; 43; 29;  0; 0
HSAP004.COB ; 2938 ; 1774 ; 447 ; 258; 43 ; 47 ; 43; 30;  0; 0
HSAP005.COB ; 2383 ; 1570 ; 420 ; 219; 98 ; 97 ; 96; 58;  0; 0
HSAP008.COB ; 1428 ; 656 ; 232 ; 94; 27 ; 22 ; 25; 14;  0; 0
HSAP040.COB ; 1108 ; 819 ; 220 ; 121; 34 ; 40 ; 32; 26;  0; 0
HSAP060.COB ; 906 ; 550 ; 131 ; 47; 25 ; 11 ; 23; 7;  0; 0
HSAS300.COB ; 2208 ; 1161 ; 767 ; 300; 24 ; 23 ; 23; 14;  0; 0
HSAS301.COB ; 2545 ; 1052 ; 650 ; 251; 24 ; 23 ; 23; 14;  0; 0
HSAU002.COB ; 3181 ; 2491 ; 764 ; 401; 40 ; 31 ; 40; 20;  0; 0
HSAU300.COB ; 3859 ; 2351 ; 1023 ; 648; 43 ; 44 ; 43; 29;  0; 0
HSAU301.COB ; 3360 ; 2173 ; 759 ; 399; 18 ; 16 ; 16; 8;  0; 0
HSPB002.COB ; 3328 ; 969 ; 331 ; 156; 32 ; 27 ; 30; 19;  0; 0
HSPB020.COB ; 4123 ; 1328 ; 470 ; 234; 36 ; 30 ; 34; 22;  0; 0
HSPB025.COB ; 1771 ; 1257 ; 442 ; 207; 35 ; 30 ; 33; 22;  0; 0
HSPB029.COB ; 2508 ; 1896 ; 677 ; 305; 13 ; 11 ; 13; 6;  0; 0
HSPB032.COB ; 1087 ; 903 ; 280 ; 147; 32 ; 27 ; 30; 19;  0; 0
HSPB033.COB ; 1847 ; 1328 ; 470 ; 234; 36 ; 30 ; 34; 22;  0; 0
HSPB035.COB ; 2614 ; 1988 ; 750 ; 328; 13 ; 11 ; 13; 6;  0; 0
HSPB036.COB ; 1799 ; 1279 ; 454 ; 210; 35 ; 30 ; 33; 22;  0; 0
HSPB063.COB ; 2473 ; 1639 ; 528 ; 262; 34 ; 30 ; 32; 20;  0; 0
HSPB081.COB ; 1177 ; 573 ; 167 ; 70; 52 ; 30 ; 50; 19;  0; 0
HSPB929.COB ; 1566 ; 1204 ; 494 ; 232; 62 ; 53 ; 60; 37;  0; 0
HSPP017.COB ; 377 ; 286 ; 73 ; 18; 58 ; 43 ; 58; 18;  0; 0
HSPP018.COB ; 2697 ; 742 ; 301 ; 100; 33 ; 29 ; 31; 21;  0; 0
HSPP019.COB ; 370 ; 286 ; 73 ; 18; 58 ; 43 ; 58; 18;  0; 0
HSPP031.COB ; 679 ; 445 ; 158 ; 43; 29 ; 28 ; 27; 19;  0; 0
HSPP034.COB ; 1104 ; 749 ; 307 ; 101; 33 ; 29 ; 31; 21;  0; 0
HSPP040.COB ; 854 ; 430 ; 103 ; 36; 89 ; 70 ; 89; 35;  0; 0
HSPP064.COB ; 2412 ; 1911 ; 729 ; 367; 52 ; 38 ; 52; 21;  0; 0
HSPP068.COB ; 1275 ; 653 ; 238 ; 94; 24 ; 22 ; 22; 14;  0; 0
HSPP069.COB ; 3332 ; 2082 ; 811 ; 402; 25 ; 23 ; 25; 15;  0; 0
HSPP070.COB ; 1378 ; 273 ; 60 ; 18; 56 ; 32 ; 56; 18;  0; 0
HSPP085.COB ; 2423 ; 1032 ; 426 ; 180; 44 ; 29 ; 44; 16;  0; 0
HSPP087.COB ; 1088 ; 625 ; 137 ; 56; 37 ; 37 ; 37; 23;  0; 0
HSPP090.COB ; 951 ; 734 ; 253 ; 110; 58 ; 31 ; 56; 23;  0; 0
HSPP097.COB ; 3935 ; 3137 ; 2686 ; 1907; 53 ; 40 ; 52; 28;  0; 0
HSPP098.COB ; 2038 ; 1526 ; 538 ; 292; 32 ; 37 ; 30; 25;  0; 0
HSPP105.COB ; 3302 ; 1989 ; 670 ; 420; 33 ; 37 ; 33; 25;  0; 0
HSPP106.COB ; 1134 ; 844 ; 224 ; 122; 34 ; 40 ; 32; 26;  0; 0
HSPP107.COB ; 3493 ; 2202 ; 727 ; 455; 33 ; 37 ; 33; 25;  0; 0
HSPS302.COB ; 2237 ; 1158 ; 783 ; 311; 24 ; 23 ; 23; 14;  0; 0
HSPS303.COB ; 2883 ; 1802 ; 659 ; 262; 29 ; 26 ; 28; 16;  0; 0
HSPU005.COB ; 15911 ; 12784 ; 2844 ; 1715; 40 ; 31 ; 40; 20;  0; 0
HSPU010.COB ; 292 ; 280 ; 144 ; 59; 35 ; 26 ; 35; 18;  0; 0
HSPU011.COB ; 314 ; 296 ; 145 ; 49; 35 ; 26 ; 35; 18;  0; 0
HSPU300.COB ; 1542 ; 228 ; 40 ; 15; 39 ; 32 ; 39; 15;  0; 0
HSPU302.COB ; 6610 ; 2896 ; 1352 ; 859; 41 ; 40 ; 41; 26;  0; 0
HSPU303.COB ; 4944 ; 3609 ; 1035 ; 615; 20 ; 20 ; 20; 12;  0; 0
HSPU400.COB ; 1218 ; 176 ; 28 ; 13; 27 ; 21 ; 27; 13;  0; 0
HSPU500.COB ; 2146 ; 883 ; 296 ; 147; 26 ; 18 ; 24; 11;  0; 0
L62B480.COB ; 1132 ; 892 ; 256 ; 120; 184 ; 194 ; 184; 99;  0; 0
L62B481.COB ; 1688 ; 1318 ; 519 ; 281; 242 ; 271 ; 240; 155;  0; 0
L62P261.COB ; 2068 ; 1304 ; 597 ; 287; 37 ; 42 ; 37; 20;  0; 0
L62U019.COB ; 374 ; 128 ; 49 ; 10; 12 ; 11 ; 12; 5;  0; 0
L62U200.COB ; 1220 ; 825 ; 399 ; 177; 23 ; 16 ; 23; 10;  0; 0
L62U300.COB ; 551 ; 495 ; 159 ; 68; 30 ; 24 ; 29; 15;  0; 0
LADB140.COB ; 1665 ; 1447 ; 398 ; 219; 85 ; 98 ; 83; 57;  0; 0
LADB150.COB ; 8940 ; 8168 ; 3803 ; 2491; 415 ; 378 ; 413; 246;  0; 0
LADB200.COB ; 3250 ; 2248 ; 954 ; 514; 44 ; 41 ; 42; 27;  0; 0
LADB300.COB ; 2472 ; 1879 ; 701 ; 399; 70 ; 68 ; 69; 45;  0; 0
LADB400.COB ; 2487 ; 1733 ; 533 ; 315; 41 ; 34 ; 40; 25;  0; 0
LADB600.COB ; 2586 ; 1889 ; 627 ; 363; 41 ; 34 ; 40; 25;  0; 0
LADP100.COB ; 1471 ; 935 ; 239 ; 123; 45 ; 37 ; 45; 22;  0; 0
LADP110.COB ; 1749 ; 1119 ; 340 ; 196; 50 ; 39 ; 50; 25;  0; 0
LADP120.COB ; 1476 ; 770 ; 209 ; 101; 53 ; 42 ; 53; 27;  0; 0
LADP130.COB ; 4567 ; 1683 ; 559 ; 371; 22 ; 22 ; 22; 14;  0; 0
LADP310.COB ; 2498 ; 1469 ; 422 ; 257; 66 ; 71 ; 65; 44;  0; 0
LADP320.COB ; 848 ; 587 ; 164 ; 48; 49 ; 34 ; 49; 23;  0; 0
LADP330.COB ; 863 ; 593 ; 177 ; 58; 38 ; 39 ; 38; 24;  0; 0
LADP340.COB ; 734 ; 528 ; 193 ; 64; 28 ; 28 ; 28; 19;  0; 0
LADP350.COB ; 878 ; 498 ; 176 ; 53; 28 ; 28 ; 28; 19;  0; 0
LADP420.COB ; 1643 ; 990 ; 472 ; 241; 71 ; 82 ; 71; 51;  0; 0
LADP500.COB ; 1030 ; 778 ; 242 ; 103; 61 ; 73 ; 59; 40;  0; 0
LADP700.COB ; 591 ; 463 ; 101 ; 35; 44 ; 39 ; 42; 27;  0; 0
LADS010.COB ; 1773 ; 975 ; 594 ; 223; 31 ; 27 ; 29; 16;  0; 0
LADS011.COB ; 1757 ; 936 ; 578 ; 205; 5 ; 6 ; 3; 2;  0; 0
LADU100.COB ; 2304 ; 1400 ; 406 ; 285; 59 ; 60 ; 59; 32;  0; 0
LADU200.COB ; 1993 ; 1253 ; 524 ; 315; 26 ; 23 ; 26; 13;  0; 0
LADU300.COB ; 708 ; 454 ; 127 ; 67; 38 ; 31 ; 36; 21;  0; 0
LEDB150.COB ; 7431 ; 6915 ; 3413 ; 2168; 394 ; 360 ; 392; 233;  0; 0
LEDBW10.COB ; 1223 ; 796 ; 296 ; 148; 53 ; 40 ; 51; 28;  0; 0
LEDBW20.COB ; 1935 ; 1175 ; 372 ; 220; 83 ; 73 ; 81; 51;  0; 0
LEDBW30.COB ; 1111 ; 657 ; 215 ; 103; 26 ; 26 ; 24; 17;  0; 0
LEDBW40.COB ; 1143 ; 692 ; 231 ; 107; 71 ; 60 ; 69; 42;  0; 0
LEDP154.COB ; 836 ; 500 ; 172 ; 51; 24 ; 25 ; 22; 17;  0; 0
LEDS001.COB ; 1750 ; 917 ; 570 ; 192; 5 ; 6 ; 3; 2;  0; 0
LEDUB31.COB ; 1262 ; 938 ; 487 ; 236; 19 ; 20 ; 19; 8;  0; 0
LEDUB32.COB ; 692 ; 381 ; 211 ; 76; 19 ; 16 ; 19; 8;  0; 0
LEDUB33.COB ; 670 ; 363 ; 211 ; 76; 19 ; 16 ; 19; 8;  0; 0
LEDUT31.COB ; 2091 ; 1902 ; 961 ; 461; 21 ; 25 ; 21; 10;  0; 0
LEDUT32.COB ; 1233 ; 1074 ; 612 ; 290; 21 ; 25 ; 21; 10;  0; 0
LEDUT33.COB ; 1076 ; 921 ; 510 ; 239; 21 ; 25 ; 21; 10;  0; 0
LEDUW01.COB ; 3571 ; 2829 ; 1186 ; 737; 20 ; 12 ; 20; 7;  0; 0
LEDUW02.COB ; 1234 ; 993 ; 396 ; 265; 19 ; 12 ; 17; 6;  0; 0
LEDUW10.COB ; 2516 ; 2045 ; 1027 ; 722; 37 ; 52 ; 37; 27;  0; 0
LEDUW20.COB ; 747 ; 547 ; 195 ; 114; 32 ; 23 ; 30; 14;  0; 0
LITB120.COB ; 7831 ; 3684 ; 1142 ; 575; 38 ; 33 ; 36; 21;  0; 0
LITB125.COB ; 8951 ; 4630 ; 1357 ; 737; 38 ; 33 ; 36; 21;  0; 0
LITB130.COB ; 9396 ; 2535 ; 972 ; 503; 206 ; 190 ; 205; 127;  0; 0
LITB135.COB ; 5683 ; 2267 ; 941 ; 476; 136 ; 128 ; 134; 82;  0; 0
LITB150.COB ; 3472 ; 2053 ; 771 ; 395; 188 ; 232 ; 188; 166;  0; 0
LITB160.COB ; 1256 ; 965 ; 282 ; 150; 132 ; 142 ; 132; 83;  0; 0
LITB175.COB ; 5196 ; 1891 ; 677 ; 365; 33 ; 29 ; 31; 21;  0; 0
LITB207.COB ; 2236 ; 1452 ; 574 ; 292; 182 ; 182 ; 182; 102;  0; 0
LITB210.COB ; 3119 ; 1257 ; 396 ; 209; 33 ; 28 ; 31; 20;  0; 0
LITB212.COB ; 1028 ; 804 ; 257 ; 113; 193 ; 215 ; 191; 106;  0; 0
LITB226.COB ; 2712 ; 1784 ; 652 ; 332; 124 ; 132 ; 124; 87;  0; 0
LITB227.COB ; 3472 ; 2358 ; 832 ; 436; 139 ; 147 ; 139; 99;  0; 0
LITB229.COB ; 1246 ; 1078 ; 338 ; 162; 43 ; 36 ; 41; 24;  0; 0
LITB241.COB ; 1527 ; 1104 ; 415 ; 189; 160 ; 186 ; 158; 104;  0; 0
LITB260.COB ; 4787 ; 3294 ; 1264 ; 624; 99 ; 90 ; 99; 58;  0; 0
LITB305.COB ; 4268 ; 2999 ; 798 ; 397; 96 ; 108 ; 96; 68;  0; 0
LITB306.COB ; 3459 ; 2289 ; 650 ; 307; 96 ; 103 ; 96; 66;  0; 0
LITB401.COB ; 1671 ; 1147 ; 382 ; 185; 39 ; 33 ; 37; 24;  0; 0
LITB402.COB ; 4443 ; 3064 ; 1215 ; 722; 128 ; 141 ; 126; 82;  0; 0
LITB925.COB ; 9031 ; 7885 ; 2657 ; 1845; 383 ; 372 ; 381; 235;  0; 0
LITC501.COB ; 2902 ; 2432 ; 1141 ; 607; 43 ; 34 ; 41; 17;  0; 0
LITC502.COB ; 2333 ; 1960 ; 913 ; 485; 45 ; 37 ; 43; 18;  0; 0
LITC503.COB ; 2333 ; 1960 ; 913 ; 485; 45 ; 37 ; 43; 18;  0; 0
LITC504.COB ; 2376 ; 2001 ; 930 ; 497; 47 ; 40 ; 45; 19;  0; 0
LITC505.COB ; 3290 ; 2770 ; 1467 ; 776; 42 ; 37 ; 40; 17;  0; 0
LITC506.COB ; 3293 ; 2772 ; 1473 ; 778; 42 ; 37 ; 40; 17;  0; 0
LITC507.COB ; 2500 ; 2173 ; 996 ; 556; 45 ; 37 ; 43; 18;  0; 0
LITC508.COB ; 4399 ; 3566 ; 1948 ; 947; 40 ; 34 ; 38; 16;  0; 0
LITC509.COB ; 2216 ; 1851 ; 864 ; 459; 37 ; 24 ; 35; 14;  0; 0
LITC510.COB ; 4820 ; 4000 ; 2088 ; 1077; 44 ; 37 ; 42; 17;  0; 0
LITC511.COB ; 3697 ; 3120 ; 1634 ; 833; 23 ; 20 ; 23; 8;  0; 0
LITC512.COB ; 4331 ; 3417 ; 1937 ; 931; 44 ; 40 ; 42; 18;  0; 0
LITC513.COB ; 3326 ; 2823 ; 1513 ; 780; 42 ; 37 ; 40; 17;  0; 0
LITP100.COB ; 4512 ; 3482 ; 1347 ; 431; 100 ; 77 ; 98; 47;  0; 0
LITP105.COB ; 6872 ; 4155 ; 1467 ; 731; 182 ; 127 ; 181; 93;  0; 0
LITP110.COB ; 12951 ; 6243 ; 3172 ; 1542; 40 ; 37 ; 38; 26;  0; 0
LITP115.COB ; 7477 ; 2619 ; 1078 ; 455; 28 ; 27 ; 26; 17;  0; 0
LITP165.COB ; 1448 ; 887 ; 314 ; 114; 56 ; 46 ; 54; 31;  0; 0
LITP170.COB ; 6568 ; 3715 ; 1481 ; 847; 47 ; 52 ; 45; 33;  0; 0
LITP200.COB ; 13310 ; 5683 ; 2459 ; 1220; 29 ; 26 ; 28; 19;  0; 0
LITP208.COB ; 3161 ; 1491 ; 564 ; 255; 43 ; 48 ; 43; 23;  0; 0
LITP214.COB ; 4371 ; 943 ; 441 ; 147; 58 ; 35 ; 56; 24;  0; 0
LITP216.COB ; 2110 ; 1312 ; 361 ; 135; 41 ; 21 ; 41; 14;  0; 0
LITP217.COB ; 2979 ; 1305 ; 409 ; 219; 100 ; 109 ; 100; 60;  0; 0
LITP218.COB ; 2819 ; 1047 ; 405 ; 238; 184 ; 197 ; 182; 128;  0; 0
LITP219.COB ; 2155 ; 766 ; 278 ; 103; 41 ; 33 ; 41; 23;  0; 0
LITP220.COB ; 1829 ; 872 ; 309 ; 147; 85 ; 96 ; 84; 61;  0; 0
LITP221.COB ; 4048 ; 1451 ; 513 ; 239; 41 ; 44 ; 39; 28;  0; 0
LITP222.COB ; 8617 ; 4317 ; 1350 ; 556; 42 ; 39 ; 42; 26;  0; 0
LITP224.COB ; 4418 ; 2871 ; 1278 ; 374; 37 ; 29 ; 35; 19;  0; 0
LITP225.COB ; 1885 ; 750 ; 271 ; 101; 28 ; 28 ; 28; 19;  0; 0
LITP240.COB ; 6229 ; 3755 ; 1194 ; 618; 42 ; 34 ; 40; 23;  0; 0
LITP250.COB ; 924 ; 562 ; 166 ; 60; 31 ; 38 ; 29; 26;  0; 0
LITP251.COB ; 979 ; 502 ; 130 ; 45; 23 ; 25 ; 23; 14;  0; 0
LITP252.COB ; 1045 ; 611 ; 164 ; 62; 47 ; 37 ; 45; 27;  0; 0
LITP253.COB ; 780 ; 569 ; 166 ; 62; 30 ; 28 ; 30; 19;  0; 0
LITP254.COB ; 2224 ; 1107 ; 404 ; 210; 23 ; 23 ; 23; 14;  0; 0
LITP255.COB ; 1040 ; 644 ; 173 ; 68; 47 ; 37 ; 45; 27;  0; 0
LITP256.COB ; 1057 ; 504 ; 127 ; 48; 32 ; 28 ; 32; 19;  0; 0
LITP257.COB ; 1359 ; 616 ; 182 ; 93; 39 ; 35 ; 37; 21;  0; 0
LITP258.COB ; 1030 ; 613 ; 164 ; 62; 47 ; 37 ; 45; 27;  0; 0
LITP300.COB ; 1128 ; 727 ; 335 ; 150; 58 ; 37 ; 56; 23;  0; 0
LITP420.COB ; 1739 ; 988 ; 408 ; 207; 79 ; 89 ; 79; 56;  0; 0
LITP505.COB ; 1178 ; 692 ; 279 ; 121; 59 ; 44 ; 59; 28;  0; 0
LITP650.COB ; 2715 ; 1021 ; 316 ; 137; 33 ; 33 ; 33; 23;  0; 0
LITP920.COB ; 605 ; 399 ; 80 ; 26; 64 ; 52 ; 64; 25;  0; 0
LITP921.COB ; 646 ; 414 ; 80 ; 26; 64 ; 52 ; 64; 25;  0; 0
LITP922.COB ; 545 ; 381 ; 78 ; 26; 62 ; 50 ; 62; 25;  0; 0
LITP923.COB ; 660 ; 426 ; 84 ; 26; 68 ; 56 ; 68; 25;  0; 0
LITS010.COB ; 5886 ; 2870 ; 1578 ; 759; 54 ; 48 ; 54; 31;  0; 0
LITS011.COB ; 6181 ; 2842 ; 1578 ; 753; 54 ; 48 ; 54; 31;  0; 0
LITS012.COB ; 6172 ; 2762 ; 1406 ; 725; 54 ; 48 ; 54; 31;  0; 0
LITS013.COB ; 4162 ; 2577 ; 1345 ; 629; 54 ; 48 ; 54; 31;  0; 0
LITS014.COB ; 11869 ; 6801 ; 3462 ; 1885; 66 ; 60 ; 66; 39;  0; 0
LITS015.COB ; 2911 ; 1643 ; 925 ; 455; 33 ; 29 ; 32; 18;  0; 0
LITS016.COB ; 8031 ; 3789 ; 2093 ; 1084; 54 ; 48 ; 54; 31;  0; 0
LITS017.COB ; 2251 ; 1274 ; 730 ; 295; 33 ; 29 ; 32; 18;  0; 0
LITS018.COB ; 5508 ; 3015 ; 1703 ; 857; 54 ; 48 ; 54; 31;  0; 0
LITS019.COB ; 2069 ; 1158 ; 687 ; 269; 39 ; 33 ; 37; 21;  0; 0
LITS020.COB ; 5990 ; 2749 ; 1422 ; 710; 54 ; 48 ; 54; 31;  0; 0
LITS021.COB ; 12336 ; 6457 ; 3299 ; 1876; 54 ; 48 ; 54; 31;  0; 0
LITS200.COB ; 2953 ; 1634 ; 935 ; 426; 39 ; 33 ; 37; 21;  0; 0
LITS201.COB ; 2647 ; 1416 ; 844 ; 354; 39 ; 33 ; 37; 21;  0; 0
LITS300.COB ; 4244 ; 2391 ; 1319 ; 654; 54 ; 48 ; 54; 31;  0; 0
LITS301.COB ; 15972 ; 9955 ; 4612 ; 2604; 56 ; 48 ; 56; 31;  0; 0
LITS302.COB ; 9081 ; 4710 ; 3641 ; 1729; 54 ; 48 ; 54; 31;  0; 0
LITS303.COB ; 9447 ; 4640 ; 3638 ; 1649; 54 ; 48 ; 54; 31;  0; 0
LITS304.COB ; 2430 ; 1342 ; 786 ; 315; 39 ; 33 ; 37; 21;  0; 0
LITS305.COB ; 4066 ; 1934 ; 1201 ; 516; 39 ; 33 ; 37; 21;  0; 0
LITS306.COB ; 2663 ; 1508 ; 951 ; 384; 8 ; 10 ; 6; 5;  0; 0
LITS307.COB ; 3449 ; 2127 ; 1358 ; 661; 33 ; 29 ; 32; 18;  0; 0
LITS309.COB ; 7886 ; 4215 ; 2275 ; 1125; 54 ; 48 ; 54; 31;  0; 0
LITS310.COB ; 8076 ; 4160 ; 2233 ; 1113; 54 ; 48 ; 54; 31;  0; 0
LITS311.COB ; 6337 ; 3987 ; 2108 ; 1195; 33 ; 29 ; 32; 18;  0; 0
LITS312.COB ; 2598 ; 1475 ; 871 ; 359; 33 ; 29 ; 32; 18;  0; 0
LITS313.COB ; 2251 ; 1274 ; 730 ; 295; 33 ; 29 ; 32; 18;  0; 0
LITS315.COB ; 13703 ; 7240 ; 3484 ; 1807; 54 ; 48 ; 54; 31;  0; 0
LITS316.COB ; 3932 ; 2369 ; 1349 ; 704; 33 ; 29 ; 32; 18;  0; 0
LITS318.COB ; 3414 ; 1691 ; 1173 ; 427; 49 ; 45 ; 49; 29;  0; 0
LITS319.COB ; 3996 ; 1872 ; 1286 ; 500; 34 ; 30 ; 32; 19;  0; 0
LITS320.COB ; 6874 ; 3472 ; 1715 ; 845; 54 ; 48 ; 54; 31;  0; 0
LITS321.COB ; 9350 ; 4594 ; 2147 ; 1149; 54 ; 48 ; 54; 31;  0; 0
LITS322.COB ; 9476 ; 4588 ; 3630 ; 1627; 54 ; 48 ; 54; 31;  0; 0
LITS323.COB ; 9442 ; 4637 ; 3630 ; 1647; 54 ; 48 ; 54; 31;  0; 0
LITS324.COB ; 8194 ; 3824 ; 1880 ; 1016; 54 ; 48 ; 54; 31;  0; 0
LITS400.COB ; 11468 ; 6451 ; 3119 ; 1662; 54 ; 48 ; 54; 31;  0; 0
LITS401.COB ; 11223 ; 5712 ; 3182 ; 1774; 54 ; 48 ; 54; 31;  0; 0
LITS402.COB ; 10807 ; 5732 ; 2891 ; 1652; 66 ; 60 ; 66; 39;  0; 0
LITS403.COB ; 4538 ; 1881 ; 1226 ; 521; 33 ; 29 ; 32; 18;  0; 0
LITS404.COB ; 4563 ; 1890 ; 1243 ; 524; 33 ; 29 ; 32; 18;  0; 0
LITS405.COB ; 3208 ; 1793 ; 1008 ; 457; 35 ; 29 ; 34; 18;  0; 0
LITS406.COB ; 3244 ; 1715 ; 968 ; 448; 35 ; 29 ; 34; 18;  0; 0
LITS407.COB ; 4361 ; 2064 ; 1055 ; 527; 77 ; 67 ; 77; 45;  0; 0
LITS501.COB ; 6080 ; 4086 ; 2114 ; 1091; 47 ; 45 ; 47; 29;  0; 0
LITS502.COB ; 3686 ; 2410 ; 1306 ; 635; 47 ; 45 ; 47; 29;  0; 0
LITS503.COB ; 2967 ; 2026 ; 1059 ; 508; 47 ; 45 ; 47; 29;  0; 0
LITS504.COB ; 3073 ; 2124 ; 1115 ; 541; 47 ; 45 ; 47; 29;  0; 0
LITS505.COB ; 3426 ; 2199 ; 1242 ; 565; 47 ; 45 ; 47; 29;  0; 0
LITS506.COB ; 3426 ; 2199 ; 1244 ; 565; 47 ; 45 ; 47; 29;  0; 0
LITS507.COB ; 2959 ; 1992 ; 1053 ; 488; 30 ; 27 ; 28; 17;  0; 0
LITS508.COB ; 4982 ; 2903 ; 1637 ; 818; 49 ; 45 ; 49; 29;  0; 0
LITS509.COB ; 3298 ; 2092 ; 1137 ; 562; 47 ; 45 ; 47; 29;  0; 0
LITS510.COB ; 7303 ; 4838 ; 2424 ; 1330; 47 ; 45 ; 47; 29;  0; 0
LITS511.COB ; 5068 ; 3186 ; 1639 ; 832; 47 ; 45 ; 47; 29;  0; 0
LITS512.COB ; 6621 ; 3887 ; 2406 ; 1096; 47 ; 45 ; 47; 29;  0; 0
LITS513.COB ; 3723 ; 2462 ; 1273 ; 642; 47 ; 45 ; 47; 29;  0; 0
LITS600.COB ; 5518 ; 3411 ; 1831 ; 898; 39 ; 33 ; 37; 21;  0; 0
LITS601.COB ; 2375 ; 1310 ; 777 ; 316; 39 ; 33 ; 37; 21;  0; 0
LITS602.COB ; 3146 ; 1834 ; 974 ; 486; 39 ; 33 ; 37; 21;  0; 0
LITS603.COB ; 4694 ; 2811 ; 1540 ; 720; 39 ; 33 ; 37; 21;  0; 0
LITS701.COB ; 8496 ; 4553 ; 2471 ; 1188; 54 ; 48 ; 54; 31;  0; 0
LITS702.COB ; 8629 ; 5040 ; 2500 ; 1212; 54 ; 48 ; 54; 31;  0; 0
LITS703.COB ; 6848 ; 3741 ; 2030 ; 967; 54 ; 48 ; 54; 31;  0; 0
LITS704.COB ; 7329 ; 4322 ; 2111 ; 1081; 54 ; 48 ; 54; 31;  0; 0
LITS705.COB ; 4206 ; 2252 ; 1387 ; 589; 54 ; 48 ; 54; 31;  0; 0
LITS706.COB ; 8912 ; 5285 ; 2609 ; 1286; 54 ; 48 ; 54; 31;  0; 0
LITS707.COB ; 8634 ; 5290 ; 2417 ; 1262; 54 ; 48 ; 54; 31;  0; 0
LITS708.COB ; 11566 ; 7270 ; 3210 ; 1668; 54 ; 48 ; 54; 31;  0; 0
LITS709.COB ; 2181 ; 1194 ; 714 ; 285; 39 ; 33 ; 37; 21;  0; 0
LITS710.COB ; 2791 ; 1266 ; 857 ; 304; 28 ; 26 ; 27; 16;  0; 0
LITS900.COB ; 2446 ; 1357 ; 765 ; 328; 33 ; 29 ; 32; 18;  0; 0
LITS901.COB ; 8309 ; 3722 ; 2027 ; 1053; 72 ; 66 ; 72; 43;  0; 0
LITS902.COB ; 7320 ; 2719 ; 1657 ; 813; 60 ; 54 ; 60; 35;  0; 0
LITS903.COB ; 2776 ; 1229 ; 765 ; 247; 33 ; 29 ; 32; 18;  0; 0
LITS904.COB ; 4391 ; 2424 ; 1340 ; 663; 49 ; 45 ; 49; 29;  0; 0
LITU001.COB ; 2178 ; 1278 ; 483 ; 209; 24 ; 16 ; 24; 10;  0; 0
LITU002.COB ; 1308 ; 913 ; 403 ; 166; 25 ; 16 ; 25; 10;  0; 0
LITU003.COB ; 1237 ; 824 ; 440 ; 234; 118 ; 108 ; 116; 67;  0; 0
LITU004.COB ; 951 ; 625 ; 293 ; 144; 83 ; 64 ; 81; 42;  0; 0
LITU005.COB ; 1384 ; 986 ; 531 ; 232; 126 ; 115 ; 124; 73;  0; 0
LITU006.COB ; 7635 ; 3933 ; 1975 ; 1066; 127 ; 98 ; 125; 59;  0; 0
LITU008.COB ; 1189 ; 962 ; 365 ; 197; 141 ; 137 ; 141; 91;  0; 0
LITU009.COB ; 3665 ; 1537 ; 446 ; 237; 68 ; 69 ; 66; 47;  0; 0
LITU011.COB ; 5023 ; 1978 ; 770 ; 355; 78 ; 67 ; 76; 47;  0; 0
LITVA01.COB ; 690 ; 496 ; 191 ; 90; 13 ; 11 ; 11; 5;  0; 0
LITVA02.COB ; 1875 ; 1309 ; 431 ; 334; 13 ; 11 ; 11; 5;  0; 0
LITVA03.COB ; 862 ; 625 ; 237 ; 140; 13 ; 11 ; 11; 5;  0; 0
LITVA04.COB ; 758 ; 540 ; 199 ; 98; 13 ; 11 ; 11; 5;  0; 0
LITVA05.COB ; 848 ; 606 ; 207 ; 110; 13 ; 11 ; 11; 5;  0; 0
LITVA06.COB ; 868 ; 632 ; 239 ; 142; 13 ; 11 ; 11; 5;  0; 0
LITVA07.COB ; 758 ; 540 ; 199 ; 98; 13 ; 11 ; 11; 5;  0; 0
LITVA08.COB ; 706 ; 501 ; 189 ; 88; 13 ; 11 ; 11; 5;  0; 0
LITVA09.COB ; 633 ; 455 ; 177 ; 76; 13 ; 11 ; 11; 5;  0; 0
LITVA10.COB ; 1438 ; 1017 ; 321 ; 224; 13 ; 11 ; 11; 5;  0; 0
LITVA11.COB ; 614 ; 440 ; 179 ; 78; 13 ; 11 ; 11; 5;  0; 0
LITVA12.COB ; 854 ; 610 ; 207 ; 110; 13 ; 11 ; 11; 5;  0; 0
LITVA13.COB ; 627 ; 449 ; 181 ; 80; 13 ; 11 ; 11; 5;  0; 0
LITVA14.COB ; 930 ; 666 ; 231 ; 134; 13 ; 11 ; 11; 5;  0; 0
LITVA15.COB ; 912 ; 646 ; 219 ; 122; 13 ; 11 ; 11; 5;  0; 0
LITVA16.COB ; 736 ; 526 ; 195 ; 94; 13 ; 11 ; 11; 5;  0; 0
LITVA17.COB ; 595 ; 432 ; 177 ; 76; 13 ; 11 ; 11; 5;  0; 0
LITVA18.COB ; 666 ; 480 ; 191 ; 90; 13 ; 11 ; 11; 5;  0; 0
LITVA19.COB ; 732 ; 520 ; 191 ; 90; 13 ; 11 ; 11; 5;  0; 0
LITVA20.COB ; 732 ; 520 ; 191 ; 90; 13 ; 11 ; 11; 5;  0; 0
LITVA21.COB ; 1059 ; 766 ; 277 ; 180; 13 ; 11 ; 11; 5;  0; 0
LITVA22.COB ; 601 ; 435 ; 179 ; 78; 13 ; 11 ; 11; 5;  0; 0
LITVA23.COB ; 627 ; 454 ; 181 ; 80; 13 ; 11 ; 11; 5;  0; 0
LITVA24.COB ; 626 ; 452 ; 183 ; 82; 13 ; 11 ; 11; 5;  0; 0
LITVA25.COB ; 595 ; 432 ; 177 ; 76; 13 ; 11 ; 11; 5;  0; 0
LITVA26.COB ; 814 ; 583 ; 205 ; 108; 13 ; 11 ; 11; 5;  0; 0
LITVA27.COB ; 656 ; 471 ; 185 ; 84; 13 ; 11 ; 11; 5;  0; 0
LITVA28.COB ; 611 ; 443 ; 179 ; 78; 13 ; 11 ; 11; 5;  0; 0
LITVA30.COB ; 1231 ; 868 ; 305 ; 208; 13 ; 11 ; 11; 5;  0; 0
LITVA31.COB ; 723 ; 498 ; 177 ; 76; 13 ; 11 ; 11; 5;  0; 0
LITVA32.COB ; 740 ; 541 ; 213 ; 116; 13 ; 11 ; 11; 5;  0; 0
LITVA34.COB ; 753 ; 549 ; 215 ; 118; 13 ; 11 ; 11; 5;  0; 0
LITVA37.COB ; 726 ; 531 ; 209 ; 112; 13 ; 11 ; 11; 5;  0; 0
LITVA38.COB ; 1230 ; 874 ; 307 ; 210; 13 ; 11 ; 11; 5;  0; 0
LITVA39.COB ; 1040 ; 741 ; 249 ; 152; 13 ; 11 ; 11; 5;  0; 0
LITVA40.COB ; 636 ; 453 ; 177 ; 76; 13 ; 11 ; 11; 5;  0; 0
LITVA41.COB ; 977 ; 693 ; 243 ; 146; 13 ; 11 ; 11; 5;  0; 0
LITVA42.COB ; 1052 ; 751 ; 273 ; 176; 13 ; 11 ; 11; 5;  0; 0
LITVA43.COB ; 936 ; 668 ; 219 ; 122; 13 ; 11 ; 11; 5;  0; 0
LITVA44.COB ; 1483 ; 1060 ; 361 ; 264; 13 ; 11 ; 11; 5;  0; 0
LITVA45.COB ; 1142 ; 886 ; 249 ; 152; 13 ; 11 ; 11; 5;  0; 0
LITVA46.COB ; 848 ; 608 ; 203 ; 106; 13 ; 11 ; 11; 5;  0; 0
LITVA47.COB ; 716 ; 527 ; 209 ; 112; 13 ; 11 ; 11; 5;  0; 0
LITVA48.COB ; 718 ; 527 ; 209 ; 112; 13 ; 11 ; 11; 5;  0; 0
LITVA49.COB ; 1179 ; 808 ; 189 ; 88; 13 ; 11 ; 11; 5;  0; 0
LITVA80.COB ; 1144 ; 814 ; 291 ; 194; 13 ; 11 ; 11; 5;  0; 0
LITVA87.COB ; 779 ; 556 ; 185 ; 84; 13 ; 11 ; 11; 5;  0; 0
LITVA90.COB ; 832 ; 592 ; 199 ; 98; 13 ; 11 ; 11; 5;  0; 0
LITVA91.COB ; 832 ; 589 ; 197 ; 96; 13 ; 11 ; 11; 5;  0; 0
LITVC01.COB ; 786 ; 557 ; 197 ; 96; 13 ; 11 ; 11; 5;  0; 0
LITVC02.COB ; 864 ; 606 ; 199 ; 98; 13 ; 11 ; 11; 5;  0; 0
LITVC03.COB ; 828 ; 592 ; 203 ; 106; 13 ; 11 ; 11; 5;  0; 0
LITVC04.COB ; 802 ; 580 ; 223 ; 126; 13 ; 11 ; 11; 5;  0; 0
LITVC05.COB ; 741 ; 542 ; 213 ; 116; 13 ; 11 ; 11; 5;  0; 0
LITVC06.COB ; 892 ; 625 ; 201 ; 100; 13 ; 11 ; 11; 5;  0; 0
LITVC07.COB ; 830 ; 587 ; 201 ; 100; 13 ; 11 ; 11; 5;  0; 0
LITVC08.COB ; 1423 ; 1008 ; 345 ; 248; 13 ; 11 ; 11; 5;  0; 0
LITVC09.COB ; 606 ; 439 ; 177 ; 76; 13 ; 11 ; 11; 5;  0; 0
LITVC11.COB ; 854 ; 610 ; 207 ; 110; 13 ; 11 ; 11; 5;  0; 0
LITVC12.COB ; 854 ; 610 ; 207 ; 110; 13 ; 11 ; 11; 5;  0; 0
NOAB004.COB ; 3450 ; 2131 ; 774 ; 402; 68 ; 71 ; 66; 49;  0; 0
NOAB005.COB ; 4347 ; 2765 ; 1093 ; 597; 51 ; 52 ; 50; 36;  0; 0
NOAB015.COB ; 1469 ; 1348 ; 470 ; 269; 38 ; 45 ; 36; 30;  0; 0
NOAB016.COB ; 1469 ; 1345 ; 471 ; 269; 38 ; 44 ; 36; 29;  0; 0
NOAB017.COB ; 1275 ; 1146 ; 383 ; 215; 38 ; 45 ; 36; 30;  0; 0
NOAB018.COB ; 1198 ; 1043 ; 333 ; 180; 61 ; 70 ; 59; 46;  0; 0
NOAB019.COB ; 1614 ; 1448 ; 642 ; 366; 213 ; 251 ; 213; 144;  0; 0
NOAB020.COB ; 1196 ; 1060 ; 355 ; 199; 125 ; 157 ; 125; 91;  0; 0
NOAB021.COB ; 2234 ; 1527 ; 468 ; 269; 82 ; 89 ; 82; 56;  0; 0
NOAB022.COB ; 3179 ; 2173 ; 816 ; 493; 201 ; 233 ; 201; 132;  0; 0
NOAB023.COB ; 1331 ; 928 ; 294 ; 141; 90 ; 91 ; 88; 54;  0; 0
NOAB024.COB ; 1646 ; 1200 ; 470 ; 247; 104 ; 125 ; 102; 71;  0; 0
NOAB025.COB ; 3433 ; 2546 ; 1083 ; 637; 292 ; 357 ; 290; 205;  0; 0
NOAB030.COB ; 2312 ; 1370 ; 621 ; 258; 27 ; 25 ; 26; 18;  0; 0
NOAB045.COB ; 4149 ; 3298 ; 1345 ; 807; 23 ; 22 ; 21; 14;  0; 0
NOAB046.COB ; 3116 ; 2273 ; 930 ; 533; 156 ; 178 ; 156; 105;  0; 0
NOAB047.COB ; 3116 ; 2556 ; 1071 ; 650; 200 ; 239 ; 200; 140;  0; 0
NOAB048.COB ; 3559 ; 2508 ; 985 ; 577; 33 ; 27 ; 31; 19;  0; 0
NOAB053.COB ; 2581 ; 2012 ; 854 ; 496; 218 ; 259 ; 216; 147;  0; 0
NOAB059.COB ; 3516 ; 2484 ; 979 ; 579; 204 ; 226 ; 204; 140;  0; 0
NOAB071.COB ; 2590 ; 1933 ; 744 ; 413; 46 ; 40 ; 44; 28;  0; 0
NOAB119.COB ; 3336 ; 2137 ; 775 ; 405; 68 ; 71 ; 66; 49;  0; 0
NOAB122.COB ; 4399 ; 2828 ; 1266 ; 684; 45 ; 35 ; 43; 27;  0; 0
NOAB124.COB ; 5941 ; 3541 ; 1656 ; 983; 34 ; 28 ; 32; 20;  0; 0
NOAB125.COB ; 3354 ; 2129 ; 945 ; 508; 38 ; 28 ; 36; 20;  0; 0
NOAB127.COB ; 4222 ; 2709 ; 1098 ; 603; 33 ; 29 ; 31; 19;  0; 0
NOAB129.COB ; 4162 ; 2309 ; 1203 ; 589; 39 ; 32 ; 39; 20;  0; 0
NOAB131.COB ; 6762 ; 4399 ; 2301 ; 1266; 47 ; 44 ; 47; 27;  0; 0
NOAB167.COB ; 4109 ; 2625 ; 1167 ; 737; 200 ; 269 ; 198; 147;  0; 0
NOAB185.COB ; 3897 ; 1957 ; 724 ; 403; 36 ; 38 ; 34; 25;  0; 0
NOAB188.COB ; 4900 ; 2881 ; 1143 ; 642; 153 ; 130 ; 152; 85;  0; 0
NOAB191.COB ; 2530 ; 1954 ; 651 ; 323; 85 ; 73 ; 84; 51;  0; 0
NOAB203.COB ; 1986 ; 1569 ; 672 ; 358; 59 ; 52 ; 57; 36;  0; 0
NOAB210.COB ; 3845 ; 2964 ; 1129 ; 658; 37 ; 28 ; 35; 18;  0; 0
NOAB211.COB ; 5311 ; 4004 ; 1774 ; 1069; 57 ; 47 ; 55; 34;  0; 0
NOAB217.COB ; 2101 ; 1529 ; 609 ; 381; 23 ; 22 ; 23; 14;  0; 0
NOAB218.COB ; 4530 ; 3440 ; 1534 ; 979; 25 ; 25 ; 25; 16;  0; 0
NOAB227.COB ; 5754 ; 3601 ; 1671 ; 861; 58 ; 51 ; 56; 35;  0; 0
NOAB235.COB ; 10924 ; 7894 ; 3368 ; 2024; 43 ; 39 ; 41; 27;  0; 0
NOAB236.COB ; 15268 ; 12807 ; 6070 ; 3987; 1089 ; 1165 ; 1087; 819;  0; 0
NOAB237.COB ; 7581 ; 5405 ; 2560 ; 1537; 59 ; 51 ; 57; 39;  0; 0
NOAB239.COB ; 2699 ; 2134 ; 729 ; 380; 46 ; 43 ; 44; 30;  0; 0
NOAB246.COB ; 2820 ; 2029 ; 812 ; 484; 256 ; 215 ; 254; 151;  0; 0
NOAB251.COB ; 8651 ; 5763 ; 2809 ; 1788; 27 ; 26 ; 26; 18;  0; 0
NOAB252.COB ; 3248 ; 2406 ; 974 ; 478; 51 ; 40 ; 49; 30;  0; 0
NOAB263.COB ; 1971 ; 1553 ; 476 ; 226; 97 ; 60 ; 97; 42;  0; 0
NOAB264.COB ; 3043 ; 2630 ; 822 ; 438; 92 ; 93 ; 92; 57;  0; 0
NOAB267.COB ; 2408 ; 1618 ; 596 ; 318; 22 ; 22 ; 22; 14;  0; 0
NOAB401.COB ; 4293 ; 2380 ; 1205 ; 590; 39 ; 32 ; 39; 20;  0; 0
NOAB404.COB ; 11205 ; 8160 ; 3490 ; 2137; 44 ; 40 ; 42; 28;  0; 0
NOAB405.COB ; 15670 ; 12919 ; 5903 ; 3628; 350 ; 331 ; 349; 232;  0; 0
NOAB406.COB ; 9545 ; 6727 ; 2989 ; 1826; 59 ; 51 ; 57; 39;  0; 0
NOAB407.COB ; 4533 ; 2952 ; 1268 ; 684; 45 ; 35 ; 43; 27;  0; 0
NOAB408.COB ; 6547 ; 4127 ; 1857 ; 1088; 46 ; 36 ; 44; 28;  0; 0
NOAB409.COB ; 3798 ; 2247 ; 1136 ; 437; 86 ; 83 ; 84; 51;  0; 0
NOAB410.COB ; 6218 ; 4018 ; 1828 ; 982; 58 ; 51 ; 56; 35;  0; 0
NOAB411.COB ; 6582 ; 4029 ; 1824 ; 918; 46 ; 36 ; 44; 28;  0; 0
NOAB412.COB ; 7034 ; 4556 ; 2303 ; 1272; 47 ; 44 ; 47; 27;  0; 0
NOAB415.COB ; 3252 ; 2489 ; 979 ; 489; 51 ; 40 ; 49; 30;  0; 0
NOAB424.COB ; 4075 ; 3051 ; 1162 ; 646; 29 ; 34 ; 27; 22;  0; 0
NOAB425.COB ; 3389 ; 2144 ; 896 ; 487; 38 ; 28 ; 36; 20;  0; 0
NOAB426.COB ; 1444 ; 991 ; 361 ; 182; 119 ; 137 ; 117; 77;  0; 0
NOAB432.COB ; 2447 ; 1799 ; 557 ; 294; 63 ; 75 ; 61; 42;  0; 0
NOAB451.COB ; 2097 ; 1493 ; 569 ; 316; 26 ; 27 ; 26; 14;  0; 0
NOAB506.COB ; 1637 ; 1240 ; 397 ; 221; 41 ; 38 ; 39; 27;  0; 0
NOAB560.COB ; 6114 ; 5680 ; 2255 ; 1272; 645 ; 666 ; 643; 370;  0; 0
NOAB562.COB ; 4620 ; 4094 ; 1637 ; 907; 43 ; 39 ; 43; 26;  0; 0
NOAB565.COB ; 13154 ; 11507 ; 5291 ; 3340; 623 ; 535 ; 622; 377;  0; 0
NOAB566.COB ; 14927 ; 13243 ; 5510 ; 3666; 626 ; 538 ; 625; 379;  0; 0
NOAB567.COB ; 19605 ; 17150 ; 6378 ; 4454; 1030 ; 942 ; 1028; 632;  0; 0
