filename; file size V1; file size V2; LTS size V1; LTS size V2; Equivalent; Explored V1 ; Explored V2 ; matches V1; matches V2; skipped V1; skipped V2
ALCB018.COB ; 1523 ; 987 ; 377 ; 166; False;57 ; 54 ; 45; 30;  0; 2
ALCB025.COB ; 1205 ; 914 ; 310 ; 162; False;126 ; 110 ; 118; 63;  0; 2
ALCB044.COB ; 7678 ; 3099 ; 1297 ; 646; False;135 ; 123 ; 125; 66;  0; 2
ALCB073.COB ; 1291 ; 1070 ; 342 ; 181; False;171 ; 145 ; 161; 78;  0; 2
ALCB087.COB ; 12592 ; 3119 ; 1067 ; 665; False;104 ; 134 ; 80; 61;  0; 6
ALCB096.COB ; 2446 ; 1103 ; 381 ; 188; False;240 ; 279 ; 211; 113;  6; 4
ALCB207.COB ; 1953 ; 1431 ; 371 ; 143; False;73 ; 67 ; 63; 40;  0; 2
ALCB212.COB ; 1286 ; 959 ; 303 ; 144; False;116 ; 109 ; 102; 62;  0; 2
ALCB213.COB ; 1409 ; 1013 ; 303 ; 144; False;116 ; 109 ; 102; 62;  0; 2
ALCB216.COB ; 1126 ; 917 ; 323 ; 154; False;117 ; 100 ; 107; 51;  0; 1
ALCB229.COB ; 1267 ; 1059 ; 338 ; 149; False;75 ; 62 ; 67; 38;  0; 2
ALCB231.COB ; 1693 ; 1294 ; 403 ; 215; False;155 ; 161 ; 139; 66;  2; 4
ALCB232.COB ; 1478 ; 957 ; 308 ; 119; False;52 ; 37 ; 38; 14;  0; 2
ALCB233.COB ; 1414 ; 965 ; 348 ; 166; False;153 ; 159 ; 139; 69;  0; 4
ALCB234.COB ; 1474 ; 971 ; 348 ; 166; False;153 ; 159 ; 139; 69;  0; 4
ALCB327.COB ; 1304 ; 1122 ; 362 ; 190; False;181 ; 198 ; 169; 120;  2; 0
ALCB328.COB ; 1622 ; 1216 ; 436 ; 198; False;181 ; 149 ; 171; 82;  0; 2
ALCB332.COB ; 1748 ; 969 ; 297 ; 115; False;134 ; 126 ; 122; 58;  4; 0
ALCB343.COB ; 9294 ; 2541 ; 961 ; 536; False;127 ; 105 ; 119; 63;  0; 4
ALCB369.COB ; 2297 ; 1830 ; 661 ; 343; False;81 ; 64 ; 71; 35;  0; 2
ALCB486.COB ; 2923 ; 1776 ; 511 ; 280; False;159 ; 135 ; 141; 67;  2; 4
ALCB487.COB ; 3069 ; 1590 ; 478 ; 268; False;149 ; 154 ; 135; 80;  4; 2
ALCB506.COB ; 3804 ; 1273 ; 408 ; 186; False;65 ; 66 ; 55; 34;  0; 2
ALCB517.COB ; 13160 ; 7830 ; 3978 ; 1566; False;87 ; 75 ; 57; 28;  0; 2
ALCB527.COB ; 6463 ; 3880 ; 1653 ; 803; False;71 ; 67 ; 59; 36;  0; 2
ALCB528.COB ; 5969 ; 2576 ; 1175 ; 516; False;69 ; 65 ; 57; 34;  0; 2
ALCB530.COB ; 6590 ; 2369 ; 917 ; 418; False;67 ; 66 ; 53; 34;  0; 2
ALCB541.COB ; 6572 ; 2383 ; 872 ; 401; False;67 ; 62 ; 57; 34;  0; 2
ALCB576.COB ; 3646 ; 1381 ; 399 ; 224; False;73 ; 63 ; 63; 32;  0; 2
ALCB581.COB ; 5979 ; 3959 ; 1178 ; 630; False;110 ; 131 ; 100; 74;  2; 2
ALCB582.COB ; 5375 ; 3096 ; 897 ; 477; False;185 ; 223 ; 154; 114;  2; 4
ALCB583.COB ; 5648 ; 3084 ; 908 ; 466; False;164 ; 174 ; 156; 91;  2; 0
ALCB584.COB ; 2254 ; 1560 ; 317 ; 151; False;120 ; 109 ; 106; 62;  0; 2
ALCB585.COB ; 2873 ; 1981 ; 421 ; 220; False;142 ; 114 ; 132; 67;  0; 2
ALCB587.COB ; 1228 ; 952 ; 303 ; 144; False;120 ; 109 ; 106; 62;  0; 2
ALCB611.COB ; 1919 ; 1340 ; 459 ; 245; False;119 ; 111 ; 105; 56;  0; 2
ALCB617.COB ; 2069 ; 1141 ; 341 ; 177; False;179 ; 154 ; 169; 86;  0; 2
ALCB618.COB ; 1700 ; 1133 ; 336 ; 178; False;191 ; 159 ; 181; 86;  0; 2
ALCB619.COB ; 1700 ; 1133 ; 336 ; 178; False;191 ; 159 ; 181; 86;  0; 2
ALCB625.COB ; 4072 ; 1388 ; 427 ; 223; False;139 ; 139 ; 129; 73;  0; 2
ALCB648.COB ; 2605 ; 1286 ; 422 ; 206; False;123 ; 122 ; 99; 60;  0; 3
ALCB649.COB ; 1808 ; 1111 ; 348 ; 170; False;136 ; 107 ; 126; 61;  0; 2
ALCB653.COB ; 2348 ; 1000 ; 311 ; 150; False;102 ; 102 ; 88; 50;  0; 3
ALCB654.COB ; 4321 ; 1170 ; 347 ; 167; False;198 ; 175 ; 172; 80;  2; 4
ALCB655.COB ; 4352 ; 1228 ; 369 ; 176; False;185 ; 166 ; 165; 78;  0; 2
ALCB659.COB ; 1690 ; 979 ; 311 ; 143; False;90 ; 83 ; 76; 43;  0; 3
ALCB660.COB ; 1829 ; 989 ; 305 ; 143; False;177 ; 150 ; 165; 80;  0; 2
ALCB661.COB ; 3782 ; 975 ; 305 ; 141; False;179 ; 146 ; 167; 79;  0; 2
ALCB665.COB ; 3327 ; 2000 ; 673 ; 339; False;254 ; 234 ; 242; 118;  2; 4
ALCB668.COB ; 1075 ; 904 ; 301 ; 154; True;256 ; 274 ; 244; 110;  9; 0
ALCB682.COB ; 3320 ; 2048 ; 677 ; 397; False;90 ; 103 ; 80; 53;  0; 2
ALCB683.COB ; 2620 ; 1683 ; 524 ; 292; False;94 ; 102 ; 78; 49;  0; 2
ALCB751.COB ; 1532 ; 794 ; 263 ; 106; False;65 ; 60 ; 59; 37;  0; 2
ALCB756.COB ; 1983 ; 1226 ; 224 ; 80; False;65 ; 61 ; 59; 35;  0; 2
ALCB937.COB ; 8697 ; 4148 ; 1216 ; 625; False;129 ; 109 ; 121; 62;  0; 2
ALCB997.COB ; 4788 ; 3216 ; 840 ; 437; False;154 ; 148 ; 134; 78;  0; 3
ALCC024.COB ; 3269 ; 2759 ; 1468 ; 782; False;26 ; 29 ; 16; 5;  0; 5
ALCC025.COB ; 2186 ; 1585 ; 810 ; 354; False;28 ; 28 ; 16; 5;  0; 4
ALCC026.COB ; 3218 ; 2608 ; 1408 ; 717; False;26 ; 29 ; 16; 5;  0; 5
ALCC027.COB ; 3252 ; 2628 ; 1419 ; 721; False;26 ; 29 ; 16; 5;  0; 5
ALCC028.COB ; 2175 ; 1603 ; 823 ; 367; True;83 ; 84 ; 51; 30;  2; 2
ALCC029.COB ; 2062 ; 1507 ; 777 ; 351; True;79 ; 78 ; 47; 28;  2; 2
ALCC030.COB ; 2910 ; 2324 ; 1276 ; 634; False;26 ; 29 ; 16; 5;  0; 5
ALCC031.COB ; 1962 ; 1446 ; 745 ; 339; False;30 ; 29 ; 16; 5;  0; 3
ALCC032.COB ; 2532 ; 1962 ; 1070 ; 526; False;26 ; 30 ; 16; 5;  0; 6
ALCC048.COB ; 2097 ; 1518 ; 774 ; 348; True;77 ; 75 ; 45; 27;  2; 2
ALCC049.COB ; 2191 ; 1565 ; 792 ; 348; True;77 ; 75 ; 45; 27;  2; 2
ALCC065.COB ; 2757 ; 2322 ; 1305 ; 674; False;78 ; 78 ; 54; 28;  0; 0
ALCC066.COB ; 3860 ; 2695 ; 1580 ; 737; False;30 ; 33 ; 20; 7;  0; 6
ALCC067.COB ; 2078 ; 1526 ; 792 ; 353; False;30 ; 30 ; 14; 5;  0; 2
ALCC068.COB ; 2198 ; 1564 ; 802 ; 337; False;28 ; 28 ; 16; 5;  0; 4
ALCC070.COB ; 2260 ; 1705 ; 932 ; 443; False;38 ; 35 ; 28; 7;  0; 7
ALCC200.COB ; 1726 ; 1170 ; 692 ; 294; False;108 ; 105 ; 84; 38;  0; 2
ALCP021.COB ; 4767 ; 2325 ; 762 ; 222; False;266 ; 201 ; 246; 109;  4; 6
ALCP022.COB ; 2269 ; 798 ; 343 ; 112; False;36 ; 33 ; 26; 13;  0; 5
ALCP023.COB ; 547 ; 425 ; 148 ; 48; True;127 ; 84 ; 127; 46;  0; 0
ALCP040.COB ; 3860 ; 880 ; 346 ; 142; False;40 ; 35 ; 30; 14;  0; 6
ALCP041.COB ; 879 ; 608 ; 121 ; 37; False;62 ; 48 ; 54; 20;  0; 2
ALCP042.COB ; 4071 ; 929 ; 308 ; 148; False;110 ; 93 ; 88; 40;  2; 4
ALCP052.COB ; 2199 ; 1168 ; 416 ; 178; False;67 ; 52 ; 55; 28;  0; 2
ALCP070.COB ; 2933 ; 1101 ; 369 ; 160; False;87 ; 70 ; 77; 42;  0; 2
ALCP071.COB ; 996 ; 712 ; 224 ; 69; True;126 ; 73 ; 124; 46;  2; 0
ALCP072.COB ; 3668 ; 1107 ; 423 ; 174; False;146 ; 124 ; 130; 65;  4; 2
ALCP076.COB ; 3196 ; 1820 ; 611 ; 369; False;170 ; 150 ; 148; 85;  0; 2
ALCP077.COB ; 5308 ; 1902 ; 616 ; 342; False;101 ; 92 ; 91; 53;  0; 2
ALCP078.COB ; 1016 ; 723 ; 208 ; 106; False;98 ; 72 ; 88; 39;  0; 2
ALCP079.COB ; 1889 ; 1241 ; 386 ; 189; False;139 ; 144 ; 123; 52;  2; 2
ALCP080.COB ; 1361 ; 553 ; 124 ; 39; False;65 ; 38 ; 57; 20;  0; 2
ALCP081.COB ; 2955 ; 1471 ; 431 ; 208; False;151 ; 124 ; 135; 60;  4; 2
ALCP082.COB ; 2554 ; 935 ; 254 ; 134; False;124 ; 113 ; 103; 42;  2; 2
ALCP083.COB ; 5607 ; 3020 ; 1383 ; 838; False;110 ; 100 ; 80; 42;  2; 4
ALCP084.COB ; 3690 ; 1257 ; 405 ; 195; False;108 ; 99 ; 90; 42;  0; 6
ALCP089.COB ; 1778 ; 670 ; 240 ; 74; False;107 ; 76 ; 91; 38;  0; 2
ALCP090.COB ; 7835 ; 4541 ; 1693 ; 858; False;65 ; 52 ; 53; 28;  0; 2
ALCP091.COB ; 3476 ; 1419 ; 463 ; 207; True;161 ; 112 ; 157; 70;  4; 0
ALCP094.COB ; 2022 ; 1539 ; 550 ; 134; True;295 ; 99 ; 295; 69;  0; 0
ALCP095.COB ; 1159 ; 756 ; 212 ; 108; True;87 ; 62 ; 87; 43;  0; 0
ALCP097.COB ; 2708 ; 1219 ; 406 ; 183; False;48 ; 45 ; 38; 17;  2; 2
ALCP120.COB ; 1791 ; 1050 ; 490 ; 164; False;64 ; 40 ; 54; 16;  0; 4
ALCP201.COB ; 8665 ; 5929 ; 3183 ; 1483; False;106 ; 92 ; 98; 48;  0; 2
ALCP202.COB ; 1512 ; 912 ; 370 ; 106; False;134 ; 89 ; 124; 46;  0; 2
ALCP206.COB ; 1638 ; 1095 ; 411 ; 166; False;96 ; 95 ; 88; 46;  0; 2
ALCP208.COB ; 2097 ; 1076 ; 377 ; 143; False;165 ; 116 ; 157; 58;  0; 2
ALCP209.COB ; 3053 ; 1646 ; 457 ; 261; False;109 ; 91 ; 95; 38;  4; 2
ALCP215.COB ; 1075 ; 685 ; 205 ; 105; True;97 ; 65 ; 97; 45;  0; 0
ALCP218.COB ; 1579 ; 705 ; 205 ; 77; False;119 ; 55 ; 111; 29;  0; 2
ALCP221.COB ; 828 ; 666 ; 238 ; 112; False;114 ; 106 ; 95; 43;  2; 4
ALCP242.COB ; 4170 ; 2717 ; 1214 ; 517; False;103 ; 58 ; 93; 31;  0; 1
ALCP243.COB ; 4163 ; 2826 ; 1063 ; 665; False;85 ; 74 ; 69; 36;  2; 1
ALCP244.COB ; 7357 ; 4113 ; 1509 ; 702; False;166 ; 174 ; 146; 66;  2; 1
ALCP246.COB ; 1509 ; 1327 ; 734 ; 361; False;458 ; 414 ; 438; 200;  4; 2
ALCP247.COB ; 643 ; 467 ; 119 ; 43; True;90 ; 81 ; 84; 29;  2; 2
ALCP250.COB ; 1339 ; 889 ; 327 ; 133; False;147 ; 159 ; 133; 62;  6; 4
ALCP252.COB ; 1496 ; 1322 ; 709 ; 353; False;429 ; 384 ; 409; 186;  2; 2
ALCP254.COB ; 1896 ; 1684 ; 943 ; 478; False;144 ; 112 ; 134; 51;  2; 0
ALCP256.COB ; 1589 ; 1407 ; 782 ; 393; False;240 ; 216 ; 222; 97;  4; 2
ALCP259.COB ; 604 ; 407 ; 107 ; 31; False;75 ; 44 ; 71; 17;  2; 0
ALCP262.COB ; 1329 ; 773 ; 307 ; 128; False;92 ; 77 ; 82; 39;  0; 2
ALCP263.COB ; 1880 ; 1373 ; 450 ; 213; False;94 ; 90 ; 82; 50;  0; 1
ALCP264.COB ; 458 ; 417 ; 136 ; 48; False;88 ; 54 ; 78; 24;  2; 0
ALCP298.COB ; 837 ; 493 ; 133 ; 45; False;100 ; 116 ; 92; 38;  4; 0
ALCP306.COB ; 5764 ; 2619 ; 1130 ; 568; False;63 ; 46 ; 47; 15;  0; 3
ALCP325.COB ; 2074 ; 756 ; 288 ; 119; False;122 ; 114 ; 106; 54;  0; 4
ALCP326.COB ; 1796 ; 925 ; 392 ; 169; False;76 ; 66 ; 66; 25;  4; 0
ALCP331.COB ; 1678 ; 596 ; 194 ; 62; False;92 ; 74 ; 70; 29;  0; 3
ALCP333.COB ; 502 ; 479 ; 154 ; 64; False;123 ; 84 ; 105; 39;  2; 2
ALCP335.COB ; 2174 ; 1497 ; 530 ; 285; False;69 ; 53 ; 57; 29;  0; 2
ALCP336.COB ; 408 ; 369 ; 97 ; 29; True;79 ; 41 ; 79; 29;  0; 0
ALCP337.COB ; 1218 ; 1045 ; 439 ; 256; False;67 ; 54 ; 55; 30;  0; 2
ALCP342.COB ; 7746 ; 4049 ; 1816 ; 917; False;230 ; 259 ; 215; 97;  2; 4
ALCP345.COB ; 3213 ; 1084 ; 362 ; 157; False;50 ; 38 ; 38; 12;  0; 2
ALCP420.COB ; 3673 ; 1291 ; 436 ; 198; False;67 ; 52 ; 55; 28;  0; 2
ALCP421.COB ; 951 ; 554 ; 241 ; 66; False;36 ; 28 ; 24; 8;  0; 2
ALCP422.COB ; 1528 ; 953 ; 410 ; 146; False;44 ; 32 ; 32; 11;  0; 2
ALCP423.COB ; 2538 ; 681 ; 279 ; 74; False;40 ; 28 ; 28; 8;  0; 2
ALCP424.COB ; 846 ; 588 ; 143 ; 59; False;69 ; 38 ; 65; 23;  0; 2
ALCP425.COB ; 1136 ; 436 ; 112 ; 51; False;65 ; 46 ; 47; 18;  0; 2
ALCP470.COB ; 2494 ; 1615 ; 512 ; 274; False;102 ; 93 ; 94; 51;  0; 2
ALCP500.COB ; 5124 ; 3373 ; 1534 ; 600; False;64 ; 42 ; 64; 21;  0; 2
ALCP502.COB ; 6183 ; 3301 ; 1341 ; 511; False;180 ; 91 ; 172; 43;  2; 3
ALCP504.COB ; 6370 ; 3090 ; 1101 ; 475; False;143 ; 78 ; 137; 29;  0; 2
ALCP505.COB ; 601 ; 413 ; 127 ; 34; False;69 ; 42 ; 57; 17;  0; 2
ALCP519.COB ; 6619 ; 3743 ; 1677 ; 842; False;71 ; 62 ; 55; 18;  0; 2
ALCP520.COB ; 5343 ; 1785 ; 757 ; 371; False;49 ; 42 ; 39; 14;  2; 2
ALCP540.COB ; 8943 ; 4983 ; 2305 ; 1162; False;78 ; 48 ; 68; 24;  2; 2
ALCP542.COB ; 6527 ; 1410 ; 620 ; 290; False;114 ; 103 ; 98; 43;  0; 2
ALCP543.COB ; 1232 ; 435 ; 76 ; 21; False;55 ; 32 ; 49; 17;  0; 2
ALCP544.COB ; 1349 ; 812 ; 225 ; 67; False;115 ; 104 ; 99; 44;  4; 0
ALCP545.COB ; 564 ; 407 ; 122 ; 36; True;97 ; 86 ; 91; 28;  2; 2
ALCP550.COB ; 2291 ; 780 ; 307 ; 134; False;61 ; 42 ; 51; 22;  0; 3
ALCP551.COB ; 874 ; 616 ; 218 ; 72; False;59 ; 35 ; 51; 13;  2; 0
ALCP552.COB ; 743 ; 526 ; 188 ; 61; False;74 ; 64 ; 58; 31;  0; 2
ALCP558.COB ; 1435 ; 1035 ; 273 ; 110; True;115 ; 85 ; 113; 41;  2; 2
ALCP559.COB ; 1262 ; 846 ; 218 ; 104; False;100 ; 78 ; 86; 36;  0; 2
ALCP570.COB ; 2328 ; 1068 ; 267 ; 122; False;105 ; 74 ; 89; 29;  2; 4
ALCP571.COB ; 1796 ; 793 ; 226 ; 105; False;84 ; 56 ; 70; 30;  0; 2
ALCP575.COB ; 3913 ; 902 ; 282 ; 71; False;134 ; 81 ; 110; 36;  0; 2
ALCP577.COB ; 6937 ; 3351 ; 1371 ; 742; False;55 ; 54 ; 33; 14;  2; 2
ALCP579.COB ; 2180 ; 408 ; 112 ; 36; False;52 ; 36 ; 40; 10;  0; 5
ALCP610.COB ; 423 ; 314 ; 71 ; 25; True;40 ; 28 ; 40; 19;  0; 0
ALCP631.COB ; 2473 ; 1245 ; 432 ; 196; False;100 ; 101 ; 76; 39;  0; 4
ALCP637.COB ; 1848 ; 791 ; 234 ; 94; False;84 ; 71 ; 66; 26;  0; 4
ALCP639.COB ; 3272 ; 1019 ; 297 ; 150; False;114 ; 88 ; 86; 28;  0; 2
ALCP644.COB ; 1279 ; 475 ; 143 ; 31; True;68 ; 35 ; 68; 25;  0; 0
ALCP666.COB ; 6147 ; 3804 ; 1562 ; 946; False;86 ; 53 ; 76; 24;  0; 2
ALCP667.COB ; 1098 ; 693 ; 197 ; 82; False;45 ; 41 ; 39; 23;  0; 2
ALCP676.COB ; 1958 ; 887 ; 326 ; 123; False;57 ; 51 ; 45; 25;  0; 2
ALCP679.COB ; 1586 ; 870 ; 256 ; 118; False;141 ; 116 ; 113; 40;  4; 4
ALCP680.COB ; 575 ; 433 ; 114 ; 48; True;88 ; 70 ; 88; 42;  0; 0
ALCP686.COB ; 3501 ; 1400 ; 606 ; 357; False;63 ; 50 ; 51; 26;  0; 2
ALCP687.COB ; 2884 ; 882 ; 304 ; 137; False;143 ; 112 ; 126; 55;  2; 4
ALCP688.COB ; 3488 ; 1207 ; 418 ; 227; False;140 ; 112 ; 122; 51;  0; 3
ALCP689.COB ; 992 ; 746 ; 217 ; 107; False;79 ; 70 ; 67; 23;  2; 0
ALCP690.COB ; 1176 ; 868 ; 297 ; 131; False;111 ; 93 ; 97; 40;  4; 2
ALCP691.COB ; 972 ; 727 ; 213 ; 103; False;110 ; 134 ; 96; 42;  4; 2
ALCP692.COB ; 2534 ; 1813 ; 883 ; 476; False;90 ; 91 ; 76; 54;  0; 2
ALCP693.COB ; 2773 ; 2260 ; 1238 ; 678; False;74 ; 74 ; 64; 44;  0; 2
ALCP694.COB ; 2645 ; 1980 ; 1042 ; 551; False;208 ; 245 ; 188; 117;  8; 5
ALCP695.COB ; 2388 ; 1674 ; 766 ; 400; False;75 ; 76 ; 63; 45;  0; 2
ALCP696.COB ; 2497 ; 1776 ; 851 ; 451; False;73 ; 76 ; 61; 45;  0; 2
ALCP697.COB ; 2611 ; 1922 ; 985 ; 517; False;73 ; 74 ; 65; 45;  0; 2
ALCP698.COB ; 302 ; 182 ; ERROR; ERROR; ERROR; ERROR; ERROR; ERROR; ERROR; ERROR; ERROR
ALCP700.COB ; 2187 ; 1483 ; 382 ; 171; False;161 ; 131 ; 143; 49;  4; 6
ALCP701.COB ; 482 ; 468 ; 161 ; 67; False;128 ; 92 ; 116; 32;  0; 5
ALCP702.COB ; 4117 ; 2014 ; 695 ; 315; False;219 ; 194 ; 199; 76;  6; 6
ALCP703.COB ; 1950 ; 1223 ; 443 ; 188; False;130 ; 97 ; 122; 52;  0; 2
ALCP704.COB ; 2316 ; 1666 ; 626 ; 253; False;133 ; 100 ; 127; 51;  4; 2
ALCP705.COB ; 2988 ; 1810 ; 582 ; 257; False;146 ; 108 ; 140; 57;  4; 2
ALCP706.COB ; 3630 ; 1833 ; 796 ; 432; False;137 ; 95 ; 115; 35;  4; 2
ALCP707.COB ; 1426 ; 1074 ; 394 ; 165; True;292 ; 186 ; 290; 122;  2; 0
ALCP754.COB ; 1831 ; 882 ; 294 ; 81; False;57 ; 48 ; 45; 22;  0; 2
ALCP755.COB ; 1752 ; 779 ; 265 ; 59; True;132 ; 46 ; 132; 35;  0; 0
ALCP787.COB ; 1244 ; 862 ; 325 ; 128; False;66 ; 43 ; 54; 20;  0; 2
ALCP901.COB ; 19907 ; 3653 ; 1082 ; 467; False;188 ; 110 ; 180; 48;  4; 2
ALCP936.COB ; 1346 ; 991 ; 367 ; 168; False;40 ; 37 ; 30; 13;  0; 6
ALCP998.COB ; 1601 ; 888 ; 271 ; 116; True;115 ; 88 ; 107; 45;  2; 2
ALCS024.COB ; 4550 ; 2720 ; 1339 ; 586; False;60 ; 79 ; 38; 24;  4; 0
ALCS025.COB ; 2498 ; 1626 ; 918 ; 454; False;39 ; 43 ; 17; 11;  2; 0
ALCS026.COB ; 4377 ; 2529 ; 1451 ; 682; False;60 ; 79 ; 38; 24;  4; 0
ALCS027.COB ; 3947 ; 2288 ; 1305 ; 601; False;60 ; 84 ; 38; 24;  4; 0
ALCS028.COB ; 3214 ; 2019 ; 1152 ; 553; False;39 ; 43 ; 17; 11;  2; 0
ALCS029.COB ; 3131 ; 1937 ; 1108 ; 538; False;39 ; 43 ; 17; 11;  2; 0
ALCS030.COB ; 2452 ; 1508 ; 907 ; 368; False;60 ; 81 ; 38; 24;  4; 0
ALCS031.COB ; 2486 ; 1589 ; 894 ; 427; False;39 ; 43 ; 17; 11;  2; 0
ALCS032.COB ; 2925 ; 1664 ; 1033 ; 441; False;60 ; 83 ; 38; 24;  4; 0
ALCS048.COB ; 2712 ; 1517 ; 882 ; 389; False;39 ; 43 ; 17; 11;  2; 0
ALCS049.COB ; 3321 ; 1967 ; 1093 ; 489; False;39 ; 43 ; 17; 11;  2; 0
ALCS065.COB ; 2422 ; 1512 ; 895 ; 406; False;28 ; 33 ; 12; 8;  0; 2
ALCS066.COB ; 4426 ; 2716 ; 1246 ; 620; False;28 ; 33 ; 12; 8;  0; 2
ALCS067.COB ; 2012 ; 1272 ; 742 ; 350; False;39 ; 43 ; 17; 11;  2; 0
ALCS068.COB ; 2176 ; 1353 ; 822 ; 376; False;39 ; 43 ; 17; 11;  2; 0
ALCS070.COB ; 2527 ; 1373 ; 885 ; 322; False;39 ; 43 ; 16; 10;  1; 0
ALCS140.COB ; 2678 ; 1191 ; 684 ; 281; False;51 ; 56 ; 31; 16;  4; 2
ALCS141.COB ; 6722 ; 3445 ; 1802 ; 875; False;88 ; 110 ; 68; 31;  2; 3
ALCS142.COB ; 5808 ; 2954 ; 1708 ; 888; False;87 ; 103 ; 70; 33;  0; 3
ALCS143.COB ; 6256 ; 2940 ; 1560 ; 791; False;80 ; 98 ; 65; 33;  2; 4
ALCS144.COB ; 5430 ; 2497 ; 1349 ; 677; False;87 ; 104 ; 68; 31;  2; 3
ALCS145.COB ; 2768 ; 1347 ; 778 ; 358; False;34 ; 40 ; 16; 10;  0; 2
ALCS146.COB ; 5675 ; 3188 ; 1291 ; 720; False;61 ; 66 ; 43; 21;  0; 2
ALCS147.COB ; 8252 ; 4910 ; 1980 ; 1146; False;53 ; 46 ; 41; 20;  0; 2
ALCS150.COB ; 2294 ; 1230 ; 722 ; 315; False;44 ; 45 ; 30; 16;  0; 2
ALCS151.COB ; 2603 ; 1555 ; 803 ; 376; False;45 ; 45 ; 31; 16;  0; 2
ALCS152.COB ; 2191 ; 1120 ; 694 ; 272; False;44 ; 46 ; 28; 14;  2; 2
ALCS241.COB ; 5366 ; 2818 ; 1445 ; 791; False;50 ; 53 ; 39; 23;  0; 2
ALCS242.COB ; 5205 ; 2885 ; 1465 ; 795; False;52 ; 55 ; 39; 23;  0; 2
ALCS244.COB ; 4968 ; 2699 ; 1359 ; 749; False;52 ; 55 ; 39; 23;  0; 2
ALCS246.COB ; 7243 ; 4174 ; 1990 ; 1155; False;51 ; 53 ; 40; 23;  0; 2
ALCS247.COB ; 6953 ; 3981 ; 1773 ; 1043; False;62 ; 60 ; 49; 27;  0; 2
ALCS248.COB ; 7136 ; 3844 ; 1803 ; 1021; False;53 ; 55 ; 40; 23;  0; 2
ALCS250.COB ; 2500 ; 1363 ; 795 ; 349; False;51 ; 54 ; 39; 23;  0; 2
ALCS251.COB ; 2496 ; 1366 ; 795 ; 349; False;51 ; 54 ; 39; 23;  0; 2
ALCU009.COB ; 6114 ; 5744 ; 3763 ; 1375; False;347 ; 339 ; 303; 90;  14; 5
ALCU014.COB ; 781 ; 672 ; 246 ; 100; True;143 ; 122 ; 137; 59;  0; 2
ALCU020.COB ; 2658 ; 1698 ; 525 ; 265; False;125 ; 93 ; 109; 38;  0; 2
ALCU021.COB ; 14828 ; 14376 ; 6698 ; 4165; False;58 ; 46 ; 40; 18;  0; 2
ALCU022.COB ; 2371 ; 1701 ; 654 ; 303; False;111 ; 87 ; 99; 52;  0; 2
ALCU023.COB ; 1309 ; 958 ; 396 ; 160; False;26 ; 33 ; 20; 12;  0; 2
ALCU024.COB ; 2811 ; 2096 ; 877 ; 488; False;49 ; 47 ; 37; 23;  0; 2
ALCU026.COB ; 5431 ; 3803 ; 1484 ; 821; False;47 ; 46 ; 35; 22;  0; 2
ALCU027.COB ; 1359 ; 798 ; 238 ; 108; False;85 ; 69 ; 65; 25;  0; 2
ALCU028.COB ; 2100 ; 1213 ; 555 ; 284; False;46 ; 48 ; 32; 16;  0; 2
ALCU029.COB ; 6177 ; 3982 ; 905 ; 536; False;49 ; 49 ; 35; 17;  0; 2
ALCU030.COB ; 16361 ; 16090 ; 7477 ; 4773; False;116 ; 127 ; 94; 65;  2; 4
ALCU031.COB ; 1918 ; 1353 ; 278 ; 160; False;116 ; 122 ; 94; 53;  4; 2
ALCU034.COB ; 1104 ; 898 ; 382 ; 146; False;83 ; 69 ; 71; 27;  2; 3
ALCU036.COB ; 1413 ; 996 ; 468 ; 148; False;139 ; 138 ; 113; 39;  4; 4
ALCU039.COB ; 435 ; 407 ; 192 ; 91; False;89 ; 44 ; 83; 18;  0; 2
ALCU042.COB ; 431 ; 407 ; 190 ; 91; False;89 ; 44 ; 83; 18;  0; 2
ALCU045.COB ; 2888 ; 2158 ; 875 ; 427; False;80 ; 74 ; 70; 35;  0; 2
ALCU047.COB ; 1783 ; 993 ; 538 ; 224; False;89 ; 68 ; 73; 36;  0; 2
ALCU050.COB ; 4361 ; 3660 ; 1658 ; 1182; False;56 ; 49 ; 40; 14;  2; 2
ALCU051.COB ; 1211 ; 765 ; 283 ; 163; False;64 ; 62 ; 54; 30;  2; 2
ALCU052.COB ; 1812 ; 1136 ; 465 ; 156; True;121 ; 89 ; 107; 46;  2; 0
ALCU053.COB ; 1396 ; 1063 ; 469 ; 204; False;65 ; 70 ; 51; 34;  0; 2
ALCU061.COB ; 3309 ; 1983 ; 965 ; 452; False;49 ; 47 ; 37; 23;  0; 2
ALCU062.COB ; 1912 ; 1125 ; 531 ; 254; False;53 ; 49 ; 41; 25;  0; 2
ALCU063.COB ; 1916 ; 1420 ; 468 ; 285; False;84 ; 112 ; 56; 41;  4; 5
ALCU064.COB ; 3210 ; 1344 ; 365 ; 184; False;84 ; 86 ; 70; 37;  0; 2
ALCU065.COB ; 2635 ; 1761 ; 600 ; 363; False;89 ; 132 ; 79; 39;  2; 14
ALCU066.COB ; 941 ; 534 ; 187 ; 84; True;53 ; 48 ; 53; 34;  0; 0
ALCU067.COB ; 627 ; 417 ; 95 ; 40; False;26 ; 24 ; 16; 7;  0; 2
ALCU068.COB ; 782 ; 411 ; 108 ; 57; True;48 ; 59 ; 38; 30;  2; 4
ALCU069.COB ; 1677 ; 1021 ; 524 ; 321; False;123 ; 110 ; 101; 63;  0; 2
ALCU070.COB ; 6206 ; 3961 ; 622 ; 339; False;41 ; 31 ; 25; 9;  0; 2
ALCU071.COB ; 246 ; 222 ; 115 ; 30; False;46 ; 36 ; 36; 9;  0; 6
ALCU080.COB ; 1215 ; 986 ; 431 ; 189; False;288 ; 206 ; 270; 117;  2; 4
ALCU081.COB ; 1170 ; 890 ; 282 ; 142; False;44 ; 35 ; 30; 8;  0; 2
ALCU082.COB ; 613 ; 296 ; 105 ; 44; True;57 ; 55 ; 51; 26;  2; 2
ALCU100.COB ; 747 ; 559 ; 142 ; 55; False;46 ; 39 ; 32; 8;  0; 2
ALCU101.COB ; 2944 ; 1221 ; 557 ; 259; False;66 ; 70 ; 58; 26;  4; 5
ALCU102.COB ; 6585 ; 2581 ; 657 ; 420; False;61 ; 53 ; 51; 25;  0; 4
ALCU103.COB ; 4828 ; 2090 ; 833 ; 430; False;80 ; 94 ; 68; 28;  4; 5
ALCU250.COB ; 1677 ; 1220 ; 675 ; 360; False;75 ; 74 ; 51; 34;  0; 2
ALCU252.COB ; 470 ; 319 ; 132 ; 65; False;93 ; 86 ; 83; 31;  0; 3
ALCU254.COB ; 3928 ; 3652 ; 1883 ; 1194; False;91 ; 125 ; 71; 57;  0; 2
ALCU260.COB ; 1652 ; 1266 ; 825 ; 472; False;87 ; 79 ; 69; 39;  0; 2
ALCU261.COB ; 875 ; 624 ; 321 ; 156; False;96 ; 93 ; 84; 25;  4; 4
ALCU262.COB ; 1330 ; 877 ; 478 ; 286; False;154 ; 174 ; 126; 96;  2; 2
ALCU263.COB ; 1351 ; 902 ; 385 ; 171; False;108 ; 83 ; 88; 34;  0; 2
ALCU264.COB ; 447 ; 284 ; 84 ; 55; True;38 ; 78 ; 34; 43;  4; 2
ALCU265.COB ; 876 ; 586 ; 312 ; 139; False;60 ; 58 ; 46; 29;  1; 2
ALCVD40.COB ; 616 ; 451 ; 189 ; 88; False;101 ; 131 ; 77; 31;  4; 2
ALCVD41.COB ; 1235 ; 915 ; 349 ; 208; False;94 ; 95 ; 74; 33;  0; 2
ALCVD42.COB ; 1169 ; 877 ; 337 ; 196; False;94 ; 95 ; 74; 33;  0; 2
ALCVD43.COB ; 1074 ; 765 ; 277 ; 180; False;102 ; 125 ; 74; 38;  4; 2
ALCVD44.COB ; 962 ; 682 ; 235 ; 138; False;102 ; 125 ; 74; 38;  4; 2
ALCVD45.COB ; 800 ; 583 ; 225 ; 128; False;102 ; 125 ; 74; 38;  4; 2
ALCVD46.COB ; 728 ; 534 ; 211 ; 114; False;102 ; 125 ; 74; 38;  4; 2
ALCVD47.COB ; 970 ; 740 ; 305 ; 164; False;94 ; 95 ; 74; 33;  0; 2
ALCVD69.COB ; 795 ; 607 ; 273 ; 121; False;122 ; 157 ; 98; 49;  6; 2
ALCVD70.COB ; 963 ; 741 ; 301 ; 156; False;94 ; 95 ; 74; 33;  0; 2
ALCVD71.COB ; 678 ; 493 ; 201 ; 100; False;101 ; 131 ; 77; 31;  4; 2
ALCVF01.COB ; 1130 ; 900 ; 323 ; 182; False;94 ; 95 ; 74; 33;  0; 2
ALCVF05.COB ; 852 ; 656 ; 285 ; 144; False;94 ; 95 ; 74; 33;  0; 2
ALCVF08.COB ; 1132 ; 842 ; 333 ; 192; False;94 ; 95 ; 74; 33;  0; 2
ALCVF11.COB ; 1618 ; 1131 ; 369 ; 272; False;102 ; 125 ; 74; 38;  4; 2
ALCVF12.COB ; 1711 ; 1197 ; 399 ; 302; False;102 ; 125 ; 74; 38;  4; 2
ALCVF13.COB ; 1565 ; 1099 ; 371 ; 274; False;102 ; 125 ; 74; 38;  4; 2
ALCVF14.COB ; 1127 ; 844 ; 331 ; 190; False;94 ; 95 ; 74; 33;  0; 2
ALCVF21.COB ; 836 ; 642 ; 281 ; 140; False;94 ; 95 ; 74; 33;  0; 2
AMPB402.COB ; 1350 ; 1010 ; 317 ; 160; False;173 ; 172 ; 161; 97;  0; 2
AMPB424.COB ; 1576 ; 1259 ; 429 ; 260; False;256 ; 285 ; 242; 182;  0; 1
AMPB431.COB ; 3845 ; 2636 ; 523 ; 292; False;152 ; 134 ; 142; 71;  0; 2
AMPB432.COB ; 2124 ; 1151 ; 315 ; 157; False;106 ; 99 ; 88; 50;  0; 6
AMPB433.COB ; 3033 ; 1332 ; 387 ; 201; False;129 ; 123 ; 111; 70;  0; 2
AMPB434.COB ; 3047 ; 1344 ; 387 ; 201; False;129 ; 123 ; 111; 70;  0; 2
AMPB500.COB ; 1766 ; 1164 ; 423 ; 241; False;133 ; 123 ; 117; 57;  2; 4
AMPB910.COB ; 3067 ; 2539 ; 1609 ; 468; False;131 ; 108 ; 121; 59;  0; 2
AMPC100.COB ; 2001 ; 1279 ; 688 ; 260; False;21 ; 27 ; 11; 8;  0; 2
AMPC110.COB ; 2156 ; 1399 ; 749 ; 273; False;21 ; 27 ; 11; 8;  0; 2
AMPC120.COB ; 2156 ; 1399 ; 749 ; 273; False;21 ; 27 ; 11; 8;  0; 2
AMPC130.COB ; 1930 ; 1222 ; 660 ; 251; False;21 ; 27 ; 11; 8;  0; 2
AMPC140.COB ; 2227 ; 1452 ; 777 ; 280; False;21 ; 27 ; 11; 8;  0; 2
AMPC150.COB ; 2225 ; 1454 ; 774 ; 282; False;21 ; 27 ; 11; 8;  0; 2
AMPC160.COB ; 2227 ; 1452 ; 777 ; 280; False;21 ; 27 ; 11; 8;  0; 2
AMPP423.COB ; 1920 ; 2093 ; 1140 ; 499; False;157 ; 121 ; 127; 33;  12; 2
AMPP426.COB ; 3709 ; 3371 ; 595 ; 215; False;81 ; 69 ; 59; 24;  0; 2
AMPP428.COB ; 5892 ; 5319 ; 698 ; 193; False;163 ; 122 ; 141; 48;  2; 4
AMPP429.COB ; 2080 ; 1658 ; 357 ; 124; False;126 ; 129 ; 122; 54;  0; 28
AMPP440.COB ; 696 ; 558 ; 207 ; 84; True;83 ; 57 ; 79; 31;  3; 0
AMPP505.COB ; 1017 ; 771 ; 193 ; 96; False;145 ; 153 ; 139; 69;  4; 0
AMPS001.COB ; 2034 ; 1004 ; 582 ; 256; False;40 ; 43 ; 18; 10;  2; 0
AMPU025.COB ; 1012 ; 778 ; 515 ; 165; False;56 ; 94 ; 46; 18;  4; 0
AMPU027.COB ; 1117 ; 853 ; 445 ; 204; False;57 ; 58 ; 45; 21;  0; 2
AMPU028.COB ; 326 ; 154 ; 65 ; 10; True;25 ; 14 ; 25; 8;  0; 0
AMPU029.COB ; 615 ; 274 ; 115 ; 52; False;51 ; 71 ; 35; 15;  2; 0
AMPU101.COB ; 516 ; 307 ; 97 ; 46; False;39 ; 36 ; 29; 13;  0; 2
AMPU800.COB ; 4109 ; 2371 ; 126 ; 73; True;23 ; 30 ; 15; 11;  2; 4
AMPU801.COB ; 678 ; 381 ; 138 ; 67; True;29 ; 38 ; 21; 16;  2; 6
CAPB005.COB ; 4526 ; 3471 ; 1616 ; 866; False;177 ; 152 ; 167; 82;  0; 2
CAPB006.COB ; 2824 ; 2191 ; 783 ; 459; False;187 ; 176 ; 173; 105;  2; 0
CAPB081.COB ; 1628 ; 1144 ; 398 ; 179; False;184 ; 151 ; 174; 83;  2; 7
CAPB082.COB ; 1617 ; 1140 ; 396 ; 179; False;184 ; 151 ; 174; 83;  2; 7
CAPB083.COB ; 1700 ; 1123 ; 380 ; 178; False;185 ; 147 ; 175; 78;  0; 2
CAPB087.COB ; 1465 ; 1036 ; 306 ; 169; False;105 ; 107 ; 95; 53;  2; 0
CAPP001.COB ; 1874 ; 1312 ; 425 ; 201; False;66 ; 60 ; 52; 27;  0; 2
CAPP002.COB ; 2529 ; 1831 ; 676 ; 339; False;70 ; 54 ; 58; 30;  0; 2
CAPP003.COB ; 4441 ; 3250 ; 1523 ; 806; False;79 ; 54 ; 67; 30;  0; 2
CAPP011.COB ; 2066 ; 1384 ; 479 ; 208; False;111 ; 86 ; 103; 42;  0; 2
CAPP012.COB ; 3234 ; 2145 ; 951 ; 429; False;83 ; 62 ; 69; 28;  0; 2
CAPP013.COB ; 686 ; 444 ; 151 ; 55; False;77 ; 57 ; 65; 24;  0; 2
CAPP014.COB ; 1132 ; 750 ; 255 ; 129; False;124 ; 122 ; 89; 45;  2; 6
CAPP015.COB ; 1902 ; 1324 ; 488 ; 259; False;64 ; 62 ; 50; 28;  0; 2
CAPP016.COB ; 742 ; 600 ; 213 ; 85; False;109 ; 92 ; 97; 34;  4; 2
CAPP017.COB ; 742 ; 600 ; 213 ; 85; False;109 ; 92 ; 97; 34;  4; 2
CAPP022.COB ; 649 ; 438 ; 143 ; 55; False;77 ; 57 ; 65; 24;  0; 2
CAPP023.COB ; 1068 ; 824 ; 270 ; 121; False;166 ; 159 ; 133; 52;  6; 10
CAPP026.COB ; 1519 ; 1107 ; 359 ; 148; False;101 ; 99 ; 66; 33;  2; 4
CAPP027.COB ; 302 ; 269 ; 73 ; 17; True;67 ; 33 ; 65; 17;  2; 0
CAPP028.COB ; 387 ; 293 ; 79 ; 30; False;53 ; 38 ; 45; 21;  0; 2
CAPP032.COB ; 1307 ; 963 ; 346 ; 166; False;89 ; 84 ; 81; 42;  0; 2
CAPP033.COB ; 1048 ; 770 ; 287 ; 131; False;77 ; 83 ; 69; 48;  0; 4
CAPP039.COB ; 1927 ; 1285 ; 527 ; 228; False;170 ; 156 ; 131; 59;  2; 6
CAPP043.COB ; 2237 ; 1539 ; 618 ; 284; False;71 ; 62 ; 57; 28;  0; 2
CAPP046.COB ; 2433 ; 1419 ; 501 ; 231; False;85 ; 61 ; 71; 27;  0; 5
CAPP047.COB ; 2918 ; 1518 ; 593 ; 246; False;87 ; 61 ; 73; 27;  0; 5
CAPP048.COB ; 2820 ; 1443 ; 684 ; 245; False;81 ; 52 ; 71; 27;  0; 2
CAPP049.COB ; 1256 ; 913 ; 267 ; 91; False;125 ; 80 ; 117; 40;  0; 2
CAPP050.COB ; 2854 ; 1472 ; 565 ; 239; False;85 ; 61 ; 71; 27;  0; 5
CAPP061.COB ; 2816 ; 1729 ; 605 ; 257; False;73 ; 51 ; 59; 21;  0; 5
CAPP063.COB ; 1516 ; 996 ; 373 ; 141; False;105 ; 85 ; 93; 42;  2; 0
CAPP064.COB ; 2091 ; 1461 ; 511 ; 221; False;80 ; 78 ; 64; 29;  2; 2
CAPP070.COB ; 589 ; 481 ; 106 ; 41; False;87 ; 55 ; 79; 25;  0; 2
CAPP071.COB ; 710 ; 561 ; 177 ; 61; False;131 ; 135 ; 121; 50;  2; 2
CAPP073.COB ; 749 ; 544 ; 174 ; 57; True;96 ; 103 ; 94; 46;  2; 0
CAPP084.COB ; 2340 ; 1303 ; 443 ; 220; False;72 ; 62 ; 60; 34;  0; 2
CAPP085.COB ; 2359 ; 1308 ; 441 ; 221; False;76 ; 60 ; 64; 34;  0; 2
CAPP086.COB ; 1109 ; 741 ; 217 ; 81; True;83 ; 47 ; 83; 33;  0; 0
CAPS001.COB ; 5300 ; 3505 ; 1660 ; 955; False;33 ; 40 ; 13; 10;  0; 2
CAPS002.COB ; 8150 ; 5347 ; 2645 ; 1523; False;33 ; 40 ; 13; 10;  0; 2
CAPS003.COB ; 3794 ; 2135 ; 1090 ; 578; False;33 ; 40 ; 13; 10;  0; 2
CAPS004.COB ; 5075 ; 2846 ; 1499 ; 791; False;33 ; 40 ; 13; 10;  0; 2
CAPS005.COB ; 2737 ; 1488 ; 780 ; 356; False;31 ; 38 ; 13; 10;  0; 2
CAPS006.COB ; 4645 ; 2616 ; 1286 ; 670; False;31 ; 38 ; 13; 10;  0; 2
CAPS007.COB ; 2993 ; 1814 ; 977 ; 461; False;33 ; 40 ; 13; 10;  0; 2
CAPU004.COB ; 2118 ; 1525 ; 773 ; 379; False;53 ; 65 ; 39; 22;  0; 2
CAPU005.COB ; 853 ; 716 ; 236 ; 98; False;59 ; 60 ; 49; 25;  0; 2
CAPVA01.COB ; 960 ; 741 ; 255 ; 158; False;102 ; 125 ; 74; 38;  4; 2
CAPVA02.COB ; 1236 ; 891 ; 313 ; 216; False;102 ; 125 ; 74; 38;  4; 2
CAPVA03.COB ; 1101 ; 870 ; 329 ; 188; False;94 ; 95 ; 74; 33;  0; 2
CAPVA04.COB ; 1369 ; 1072 ; 379 ; 238; False;94 ; 95 ; 74; 33;  0; 2
CAPVA05.COB ; 736 ; 541 ; 213 ; 116; False;102 ; 125 ; 74; 38;  4; 2
CAPVA06.COB ; 836 ; 611 ; 233 ; 136; False;102 ; 125 ; 74; 38;  4; 2
CAPVA07.COB ; 805 ; 628 ; 275 ; 123; False;122 ; 157 ; 98; 49;  6; 2
CVDB001.COB ; 7263 ; 5221 ; 2142 ; 1390; False;235 ; 241 ; 223; 117;  2; 2
CVDB002.COB ; 4923 ; 3200 ; 1235 ; 673; False;225 ; 208 ; 207; 93;  0; 4
CVDB003.COB ; 1595 ; 1095 ; 314 ; 153; True;168 ; 201 ; 166; 88;  2; 0
CVDB004.COB ; 3214 ; 2040 ; 806 ; 423; False;219 ; 206 ; 201; 92;  0; 4
CVDB010.COB ; 1811 ; 1124 ; 433 ; 194; False;70 ; 65 ; 60; 36;  0; 2
CVDB011.COB ; 1799 ; 1110 ; 435 ; 221; False;226 ; 259 ; 203; 96;  2; 3
CVDB101.COB ; 1775 ; 1257 ; 437 ; 215; False;87 ; 92 ; 69; 46;  0; 3
CVDB105.COB ; 1999 ; 1390 ; 456 ; 251; False;102 ; 104 ; 86; 58;  0; 2
CVDB202.COB ; 1879 ; 1103 ; 472 ; 242; False;191 ; 192 ; 179; 106;  0; 2
CVDC001.COB ; 3081 ; 2283 ; 1252 ; 586; False;30 ; 35 ; 20; 7;  0; 8
CVDC002.COB ; 2104 ; 1512 ; 783 ; 332; False;28 ; 31 ; 18; 5;  0; 13
CVDC003.COB ; 2054 ; 1491 ; 777 ; 335; False;28 ; 31 ; 18; 5;  0; 13
CVDC004.COB ; 2207 ; 1683 ; 899 ; 443; False;30 ; 27 ; 20; 7;  0; 4
CVDC005.COB ; 1628 ; 1063 ; 631 ; 250; False;113 ; 110 ; 87; 38;  2; 2
CVDC006.COB ; 2674 ; 2073 ; 1091 ; 508; False;18 ; 29 ; 12; 5;  0; 2
CVDC007.COB ; 2374 ; 1787 ; 929 ; 465; False;30 ; 33 ; 20; 7;  0; 8
CVDC010.COB ; 1588 ; 1011 ; 610 ; 242; True;43 ; 35 ; 27; 7;  2; 2
CVDP005.COB ; 1535 ; 971 ; 246 ; 116; True;90 ; 62 ; 84; 38;  2; 2
CVDP006.COB ; 1227 ; 851 ; 232 ; 78; False;138 ; 115 ; 122; 63;  0; 2
CVDP007.COB ; 1706 ; 1041 ; 276 ; 134; True;104 ; 71 ; 98; 44;  2; 2
CVDP008.COB ; 1244 ; 863 ; 236 ; 79; False;142 ; 116 ; 126; 64;  0; 2
CVDP009.COB ; 1526 ; 950 ; 321 ; 107; False;68 ; 52 ; 56; 28;  0; 2
CVDP100.COB ; 2904 ; 1942 ; 755 ; 352; False;78 ; 53 ; 66; 29;  0; 2
CVDP102.COB ; 2926 ; 1679 ; 635 ; 369; False;121 ; 124 ; 88; 49;  0; 2
CVDP103.COB ; 2894 ; 1637 ; 644 ; 353; False;91 ; 86 ; 83; 41;  0; 2
CVDP104.COB ; 1143 ; 862 ; 224 ; 79; False;99 ; 68 ; 83; 31;  2; 4
CVDP201.COB ; 1751 ; 1000 ; 275 ; 130; False;92 ; 68 ; 84; 33;  0; 2
CVDS001.COB ; 3951 ; 2115 ; 1134 ; 561; False;41 ; 44 ; 19; 13;  0; 0
CVDS002.COB ; 4175 ; 2475 ; 1124 ; 579; False;41 ; 44 ; 19; 13;  0; 0
CVDS003.COB ; 4026 ; 2318 ; 1084 ; 545; False;41 ; 44 ; 19; 13;  0; 0
CVDS004.COB ; 2980 ; 1491 ; 833 ; 377; False;40 ; 43 ; 19; 13;  0; 0
CVDS006.COB ; 5301 ; 3397 ; 1550 ; 863; False;86 ; 85 ; 65; 31;  4; 2
CVDS007.COB ; 4408 ; 2766 ; 1296 ; 684; False;86 ; 83 ; 67; 31;  2; 2
CVDU001.COB ; 817 ; 373 ; 127 ; 67; False;47 ; 49 ; 33; 23;  0; 2
CVDU002.COB ; 3148 ; 1717 ; 688 ; 365; False;161 ; 152 ; 127; 40;  4; 7
CVDU003.COB ; 630 ; 369 ; 161 ; 66; False;55 ; 47 ; 43; 23;  0; 2
DABB011.COB ; 8689 ; 5868 ; 2582 ; 1380; False;240 ; 227 ; 226; 122;  0; 4
DABB026.COB ; 1462 ; 942 ; 304 ; 162; False;137 ; 129 ; 123; 76;  2; 2
DABB043.COB ; 2558 ; 1784 ; 704 ; 322; False;151 ; 154 ; 127; 70;  2; 2
DABB070.COB ; 1886 ; 1217 ; 338 ; 157; False;115 ; 103 ; 111; 63;  2; 0
DABB071.COB ; 1967 ; 1225 ; 338 ; 157; False;116 ; 104 ; 108; 60;  2; 0
DABB072.COB ; 2324 ; 1581 ; 430 ; 198; False;121 ; 104 ; 117; 64;  2; 0
DABB101.COB ; 3917 ; 2680 ; 979 ; 581; False;111 ; 105 ; 101; 56;  0; 2
DABB103.COB ; 2444 ; 1565 ; 586 ; 286; False;163 ; 154 ; 139; 80;  2; 6
DABB104.COB ; 2474 ; 1825 ; 728 ; 388; False;208 ; 212 ; 196; 113;  2; 0
DABB105.COB ; 1171 ; 1019 ; 307 ; 172; False;141 ; 142 ; 127; 79;  0; 2
DABB222.COB ; 1719 ; 1065 ; 289 ; 148; False;99 ; 103 ; 95; 57;  2; 0
DABB223.COB ; 1232 ; 971 ; 331 ; 157; False;134 ; 112 ; 124; 61;  0; 2
DABB224.COB ; 2737 ; 1097 ; 295 ; 153; False;99 ; 104 ; 95; 57;  2; 0
DABB226.COB ; 2661 ; 1304 ; 328 ; 165; False;100 ; 104 ; 96; 58;  2; 0
DABB400.COB ; 5501 ; 4359 ; 1939 ; 832; False;236 ; 212 ; 218; 99;  8; 2
DABB401.COB ; 1869 ; 1436 ; 519 ; 268; False;137 ; 134 ; 125; 66;  2; 4
DABB598.COB ; 1526 ; 1114 ; 382 ; 195; False;177 ; 184 ; 167; 117;  2; 0
DABB600.COB ; 2305 ; 1399 ; 460 ; 212; False;145 ; 118 ; 137; 69;  0; 6
DABB601.COB ; 3567 ; 1679 ; 516 ; 275; False;177 ; 202 ; 155; 96;  2; 6
DABB603.COB ; 2002 ; 1369 ; 429 ; 184; True;185 ; 224 ; 181; 88;  4; 2
DABB604.COB ; 1074 ; 899 ; 259 ; 120; True;165 ; 195 ; 163; 85;  2; 0
DABB611.COB ; 3083 ; 2069 ; 700 ; 344; False;108 ; 114 ; 98; 67;  0; 2
DABB612.COB ; 1716 ; 1155 ; 410 ; 214; False;143 ; 143 ; 127; 79;  0; 2
DABB701.COB ; 2680 ; 1884 ; 661 ; 307; False;114 ; 94 ; 104; 51;  0; 2
DABB703.COB ; 1533 ; 1180 ; 356 ; 178; True;197 ; 225 ; 191; 97;  2; 0
DABB705.COB ; 2471 ; 1754 ; 641 ; 297; False;102 ; 98 ; 94; 56;  0; 2
DABB732.COB ; 1597 ; 973 ; 282 ; 144; False;71 ; 63 ; 63; 36;  0; 2
DABB734.COB ; 1812 ; 1100 ; 335 ; 166; False;135 ; 108 ; 125; 62;  0; 2
DABB739.COB ; 1926 ; 1247 ; 372 ; 194; False;221 ; 180 ; 211; 100;  0; 2
DABB740.COB ; 1742 ; 1145 ; 336 ; 178; False;191 ; 159 ; 181; 86;  0; 2
DABB741.COB ; 1848 ; 1163 ; 338 ; 179; False;191 ; 159 ; 181; 86;  0; 2
DABB742.COB ; 3384 ; 1442 ; 361 ; 195; False;138 ; 125 ; 120; 62;  0; 2
DABB743.COB ; 1761 ; 1165 ; 342 ; 181; False;195 ; 162 ; 185; 88;  0; 2
DABB744.COB ; 3391 ; 1448 ; 361 ; 195; False;138 ; 125 ; 120; 62;  0; 2
DABB745.COB ; 1802 ; 1151 ; 338 ; 179; False;191 ; 159 ; 181; 86;  0; 2
DABB746.COB ; 1800 ; 1149 ; 336 ; 178; False;191 ; 159 ; 181; 86;  0; 2
DABB747.COB ; 1802 ; 1151 ; 338 ; 179; False;191 ; 159 ; 181; 86;  0; 2
DABB748.COB ; 2053 ; 1338 ; 396 ; 201; False;98 ; 87 ; 90; 48;  0; 2
DABB749.COB ; 1873 ; 1163 ; 338 ; 179; False;191 ; 159 ; 181; 86;  0; 2
DABB750.COB ; 1872 ; 1163 ; 338 ; 179; False;191 ; 159 ; 181; 86;  0; 2
DABB751.COB ; 2140 ; 1420 ; 423 ; 211; False;102 ; 92 ; 94; 49;  0; 2
DABB752.COB ; 1928 ; 1166 ; 354 ; 185; False;207 ; 190 ; 193; 90;  2; 5
DABB753.COB ; 1679 ; 969 ; 295 ; 140; False;173 ; 143 ; 161; 77;  0; 2
DABB825.COB ; 1863 ; 1280 ; 348 ; 198; False;142 ; 113 ; 132; 64;  0; 2
DABB875.COB ; 2249 ; 1582 ; 597 ; 258; False;129 ; 110 ; 119; 56;  0; 2
DABB887.COB ; 2922 ; 2010 ; 720 ; 357; False;128 ; 122 ; 120; 69;  0; 2
DABB937.COB ; 6294 ; 2779 ; 664 ; 299; False;100 ; 98 ; 88; 57;  0; 2
DABP012.COB ; 1951 ; 1222 ; 375 ; 224; False;78 ; 80 ; 64; 34;  0; 2
DABP035.COB ; 831 ; 441 ; 110 ; 39; True;94 ; 45 ; 94; 33;  0; 0
DABP096.COB ; 2276 ; 1243 ; 448 ; 191; False;46 ; 40 ; 36; 18;  0; 6
DABP100.COB ; 995 ; 730 ; 229 ; 94; False;120 ; 115 ; 100; 44;  0; 4
DABP102.COB ; 1953 ; 1298 ; 433 ; 198; False;44 ; 36 ; 34; 14;  0; 6
DABP106.COB ; 4233 ; 1939 ; 660 ; 315; False;53 ; 37 ; 43; 15;  0; 6
DABP108.COB ; 1050 ; 778 ; 234 ; 115; False;40 ; 35 ; 30; 16;  0; 6
DABP110.COB ; 2213 ; 1572 ; 562 ; 259; False;96 ; 88 ; 82; 45;  2; 2
DABP111.COB ; 726 ; 456 ; 105 ; 40; True;86 ; 57 ; 84; 33;  2; 0
DABP112.COB ; 982 ; 604 ; 170 ; 57; True;93 ; 62 ; 91; 38;  2; 0
DABP113.COB ; 2172 ; 1535 ; 553 ; 258; False;96 ; 88 ; 82; 45;  2; 2
DABP114.COB ; 2177 ; 1549 ; 562 ; 269; False;96 ; 91 ; 82; 47;  2; 2
DABP115.COB ; 2186 ; 1556 ; 561 ; 267; False;96 ; 91 ; 82; 47;  2; 2
DABP116.COB ; 3266 ; 1523 ; 501 ; 252; False;48 ; 38 ; 38; 14;  0; 6
DABP117.COB ; 5303 ; 2880 ; 1090 ; 619; False;83 ; 73 ; 69; 35;  0; 5
DABP120.COB ; 271 ; 265 ; 55 ; 22; True;47 ; 32 ; 47; 22;  0; 0
DABP141.COB ; 1238 ; 840 ; 295 ; 110; False;80 ; 74 ; 72; 23;  0; 2
DABP142.COB ; 1487 ; 850 ; 288 ; 106; True;125 ; 77 ; 117; 40;  2; 2
DABP214.COB ; 2963 ; 1658 ; 590 ; 232; False;145 ; 111 ; 139; 69;  2; 0
DABP216.COB ; 4629 ; 2288 ; 762 ; 374; False;49 ; 31 ; 41; 14;  0; 2
DABP217.COB ; 1174 ; 720 ; 254 ; 96; True;91 ; 54 ; 91; 41;  0; 0
DABP218.COB ; 1162 ; 638 ; 172 ; 79; True;70 ; 46 ; 64; 28;  2; 2
DABP219.COB ; 3153 ; 1478 ; 501 ; 211; True;143 ; 112 ; 135; 68;  2; 2
DABP225.COB ; 2181 ; 1284 ; 474 ; 204; False;129 ; 91 ; 117; 41;  2; 3
DABP410.COB ; 2489 ; 1938 ; 832 ; 406; False;83 ; 54 ; 57; 19;  0; 4
DABP411.COB ; 2505 ; 1945 ; 832 ; 406; False;83 ; 54 ; 57; 19;  0; 4
DABP412.COB ; 2461 ; 1893 ; 832 ; 406; False;83 ; 54 ; 57; 19;  0; 4
DABP413.COB ; 2196 ; 1511 ; 639 ; 287; False;88 ; 82 ; 80; 40;  0; 2
DABP414.COB ; 1664 ; 1126 ; 428 ; 178; False;109 ; 108 ; 97; 47;  2; 2
DABP415.COB ; 1734 ; 1197 ; 448 ; 185; False;108 ; 107 ; 96; 46;  2; 2
DABP416.COB ; 2132 ; 1699 ; 705 ; 374; True;56 ; 38 ; 44; 17;  2; 2
DABP419.COB ; 2333 ; 1655 ; 695 ; 372; False;72 ; 61 ; 64; 26;  2; 0
DABP421.COB ; 2240 ; 1520 ; 602 ; 319; False;84 ; 61 ; 69; 32;  0; 2
DABP422.COB ; 2419 ; 1579 ; 615 ; 309; False;101 ; 101 ; 87; 51;  0; 2
DABP423.COB ; 3094 ; 2096 ; 868 ; 407; False;145 ; 123 ; 133; 59;  4; 4
DABP426.COB ; 2249 ; 1723 ; 760 ; 460; False;133 ; 136 ; 93; 50;  0; 6
DABP430.COB ; 1749 ; 491 ; 409 ; 31; False;85 ; 55 ; 75; 15;  1; 2
DABP431.COB ; 1011 ; 757 ; 267 ; 106; False;124 ; 109 ; 108; 51;  4; 2
DABP435.COB ; 1809 ; 1046 ; 425 ; 174; True;72 ; 59 ; 64; 26;  2; 2
DABP437.COB ; 1936 ; 1139 ; 445 ; 207; False;75 ; 50 ; 51; 17;  0; 4
DABP441.COB ; 2073 ; 1261 ; 483 ; 216; False;96 ; 81 ; 82; 24;  2; 2
DABP480.COB ; 1432 ; 1259 ; 525 ; 301; False;74 ; 86 ; 60; 27;  4; 2
DABP597.COB ; 569 ; 424 ; 151 ; 55; True;50 ; 31 ; 50; 23;  0; 0
DABP599.COB ; 577 ; 432 ; 151 ; 56; True;50 ; 31 ; 50; 23;  0; 0
DABP613.COB ; 1203 ; 785 ; 234 ; 69; False;87 ; 52 ; 83; 29;  2; 0
DABP721.COB ; 441 ; 317 ; 68 ; 22; True;34 ; 19 ; 34; 14;  0; 0
DABP722.COB ; 1334 ; 767 ; 184 ; 81; True;97 ; 60 ; 97; 42;  0; 0
DABP723.COB ; 1442 ; 773 ; 202 ; 88; False;108 ; 75 ; 98; 38;  0; 3
DABP725.COB ; 1374 ; 821 ; 197 ; 94; True;108 ; 82 ; 102; 47;  2; 2
DABP726.COB ; 1390 ; 833 ; 193 ; 91; True;102 ; 67 ; 102; 45;  0; 0
DABP727.COB ; 1362 ; 805 ; 183 ; 84; True;94 ; 56 ; 94; 39;  0; 0
DABP728.COB ; 1391 ; 831 ; 203 ; 96; True;114 ; 88 ; 108; 49;  2; 2
DABP729.COB ; 1333 ; 762 ; 180 ; 77; True;93 ; 54 ; 93; 38;  0; 0
DABP731.COB ; 1248 ; 760 ; 184 ; 79; True;97 ; 57 ; 97; 40;  0; 0
DABP733.COB ; 1394 ; 857 ; 231 ; 114; False;104 ; 83 ; 94; 45;  0; 3
DABP736.COB ; 3250 ; 1225 ; 288 ; 161; False;149 ; 126 ; 130; 67;  0; 2
DABP738.COB ; 3962 ; 1316 ; 312 ; 162; False;129 ; 99 ; 111; 43;  0; 2
DABP801.COB ; 2029 ; 1383 ; 514 ; 228; False;106 ; 83 ; 94; 45;  0; 2
DABP807.COB ; 1004 ; 532 ; 145 ; 51; False;113 ; 88 ; 103; 32;  2; 6
DABP811.COB ; 603 ; 423 ; 133 ; 42; False;105 ; 79 ; 95; 23;  2; 6
DABP815.COB ; 1499 ; 740 ; 168 ; 76; True;84 ; 44 ; 84; 32;  0; 0
DABP820.COB ; 1318 ; 895 ; 311 ; 186; True;131 ; 108 ; 131; 73;  0; 0
DABP840.COB ; 843 ; 408 ; 144 ; 32; True;70 ; 56 ; 66; 20;  2; 0
DABP851.COB ; 732 ; 474 ; 122 ; 56; False;93 ; 87 ; 81; 30;  4; 4
DABP860.COB ; 964 ; 657 ; 165 ; 77; True;103 ; 89 ; 103; 55;  0; 0
DABP888.COB ; 612 ; 489 ; 111 ; 43; True;81 ; 56 ; 79; 29;  2; 2
DABP936.COB ; 2076 ; 1021 ; 342 ; 133; False;128 ; 95 ; 120; 42;  0; 2
DABS005.COB ; 2559 ; 1395 ; 733 ; 388; False;53 ; 56 ; 31; 16;  2; 2
DABS010.COB ; 8435 ; 5637 ; 1995 ; 1136; False;52 ; 52 ; 36; 20;  0; 2
DABS020.COB ; 4834 ; 3088 ; 1571 ; 805; False;45 ; 46 ; 29; 16;  0; 2
DABS050.COB ; 5566 ; 3574 ; 1723 ; 894; False;48 ; 50 ; 30; 16;  2; 2
DABS060.COB ; 6338 ; 4019 ; 1913 ; 952; False;50 ; 51 ; 31; 16;  2; 2
DABS070.COB ; 4264 ; 2636 ; 1305 ; 666; False;52 ; 55 ; 36; 20;  2; 2
DABS080.COB ; 4672 ; 3090 ; 1569 ; 890; False;32 ; 35 ; 16; 8;  0; 2
DABS085.COB ; 1986 ; 1155 ; 704 ; 291; False;54 ; 60 ; 30; 16;  4; 2
DABS090.COB ; 4786 ; 3103 ; 1448 ; 783; False;44 ; 46 ; 28; 14;  2; 2
DABS095.COB ; 4163 ; 2751 ; 1446 ; 752; False;44 ; 45 ; 29; 14;  2; 2
DABU001.COB ; 778 ; 659 ; 199 ; 94; False;114 ; 116 ; 98; 45;  6; 2
DABU003.COB ; 791 ; 578 ; 157 ; 81; True;85 ; 137 ; 85; 59;  0; 2
DABU005.COB ; 2339 ; 1465 ; 456 ; 194; False;40 ; 37 ; 34; 18;  0; 4
DABU006.COB ; 3129 ; 2681 ; 1119 ; 546; False;44 ; 47 ; 30; 14;  0; 2
DABU007.COB ; 1323 ; 1007 ; 358 ; 176; False;68 ; 55 ; 56; 23;  0; 2
DABU008.COB ; 1055 ; 885 ; 323 ; 165; False;59 ; 57 ; 41; 17;  2; 2
DABU009.COB ; 2097 ; 1737 ; 604 ; 298; False;44 ; 33 ; 34; 10;  0; 2
DABU014.COB ; 1503 ; 1017 ; 316 ; 140; False;69 ; 76 ; 53; 27;  0; 4
DABU015.COB ; 1193 ; 985 ; 371 ; 185; False;47 ; 29 ; 39; 10;  0; 2
DABU023.COB ; 1003 ; 839 ; 305 ; 159; False;53 ; 53 ; 35; 17;  2; 2
DABU500.COB ; 6785 ; 3873 ; 1530 ; 799; False;24 ; 25 ; 14; 8;  0; 3
DABU998.COB ; 1606 ; 1439 ; 359 ; 128; False;235 ; 146 ; 225; 70;  0; 2
DABU999.COB ; 1002 ; 928 ; 165 ; 77; False;35 ; 28 ; 27; 11;  0; 2
DABVA05.COB ; 606 ; 444 ; 187 ; 86; False;101 ; 131 ; 77; 31;  4; 2
DABVA10.COB ; 1085 ; 829 ; 325 ; 184; False;94 ; 95 ; 74; 33;  0; 2
DABVA20.COB ; 1232 ; 884 ; 311 ; 214; False;102 ; 125 ; 74; 38;  4; 2
DABVA50.COB ; 1002 ; 719 ; 237 ; 140; False;102 ; 125 ; 74; 38;  4; 2
DABVA60.COB ; 1111 ; 793 ; 275 ; 178; False;102 ; 125 ; 74; 38;  4; 2
DABVA70.COB ; 895 ; 694 ; 291 ; 150; False;94 ; 95 ; 74; 33;  0; 2
DABVA80.COB ; 976 ; 708 ; 270 ; 163; False;74 ; 75 ; 50; 26;  0; 2
DABVA85.COB ; 763 ; 584 ; 267 ; 115; False;121 ; 154 ; 97; 47;  6; 2
DABVA90.COB ; 985 ; 758 ; 307 ; 166; False;94 ; 95 ; 74; 33;  0; 2
DABVA95.COB ; 920 ; 690 ; 271 ; 162; False;102 ; 137 ; 74; 38;  4; 2
HSAB050.COB ; 2356 ; 1445 ; 494 ; 235; False;228 ; 185 ; 218; 107;  0; 2
HSAP004.COB ; 2938 ; 1774 ; 446 ; 250; False;56 ; 49 ; 42; 20;  0; 6
HSAP005.COB ; 2383 ; 1570 ; 419 ; 211; False;56 ; 49 ; 42; 20;  0; 6
HSAP008.COB ; 1428 ; 656 ; 231 ; 92; True;111 ; 79 ; 105; 35;  4; 2
HSAP040.COB ; 1108 ; 819 ; 219 ; 106; True;96 ; 73 ; 96; 48;  0; 0
HSAP060.COB ; 906 ; 550 ; 130 ; 47; False;99 ; 72 ; 87; 28;  2; 0
HSAS300.COB ; 2208 ; 1161 ; 767 ; 336; False;28 ; 33 ; 12; 8;  0; 2
HSAS301.COB ; 2545 ; 1052 ; 650 ; 250; False;28 ; 33 ; 12; 8;  0; 2
HSAU002.COB ; 3181 ; 2491 ; 764 ; 388; False;255 ; 192 ; 227; 109;  0; 2
HSAU300.COB ; 3859 ; 2351 ; 1023 ; 620; True;76 ; 84 ; 54; 44;  4; 4
HSAU301.COB ; 3360 ; 2173 ; 759 ; 391; False;144 ; 141 ; 126; 72;  0; 2
HSPB002.COB ; 3328 ; 969 ; 330 ; 153; False;101 ; 103 ; 97; 60;  2; 0
HSPB020.COB ; 4123 ; 1328 ; 469 ; 228; False;117 ; 124 ; 101; 55;  2; 2
HSPB025.COB ; 1771 ; 1257 ; 441 ; 202; False;105 ; 113 ; 93; 54;  2; 0
HSPB029.COB ; 2508 ; 1896 ; 676 ; 290; False;127 ; 117 ; 121; 61;  2; 0
HSPB032.COB ; 1087 ; 903 ; 279 ; 144; True;202 ; 241 ; 194; 89;  4; 4
HSPB033.COB ; 1847 ; 1328 ; 469 ; 228; False;117 ; 124 ; 101; 55;  2; 2
HSPB035.COB ; 2614 ; 1988 ; 749 ; 313; False;123 ; 120 ; 117; 56;  2; 0
HSPB036.COB ; 1799 ; 1279 ; 453 ; 205; False;109 ; 120 ; 93; 54;  2; 0
HSPB063.COB ; 2473 ; 1639 ; 527 ; 255; False;101 ; 88 ; 87; 48;  0; 2
HSPB081.COB ; 1177 ; 573 ; 166 ; 68; True;76 ; 54 ; 74; 26;  2; 0
HSPB929.COB ; 1566 ; 1204 ; 493 ; 229; False;176 ; 139 ; 166; 79;  0; 2
HSPP017.COB ; 377 ; 286 ; 72 ; 18; True;57 ; 25 ; 57; 18;  0; 0
HSPP018.COB ; 2697 ; 742 ; 300 ; 97; False;101 ; 71 ; 89; 30;  4; 2
HSPP019.COB ; 370 ; 286 ; 72 ; 18; True;57 ; 25 ; 57; 18;  0; 0
HSPP031.COB ; 679 ; 445 ; 157 ; 41; True;96 ; 50 ; 96; 35;  0; 0
HSPP034.COB ; 1104 ; 749 ; 306 ; 98; False;101 ; 71 ; 89; 30;  4; 2
HSPP040.COB ; 854 ; 430 ; 102 ; 34; True;76 ; 39 ; 76; 28;  0; 0
HSPP064.COB ; 2412 ; 1911 ; 728 ; 349; False;59 ; 49 ; 47; 25;  0; 2
HSPP068.COB ; 1275 ; 653 ; 237 ; 92; True;117 ; 79 ; 111; 35;  4; 2
HSPP069.COB ; 3332 ; 2082 ; 810 ; 403; False;57 ; 49 ; 43; 19;  0; 7
HSPP070.COB ; 1378 ; 273 ; 59 ; 18; True;55 ; 24 ; 55; 18;  0; 0
HSPP085.COB ; 2423 ; 1032 ; 425 ; 173; False;66 ; 51 ; 54; 27;  0; 2
HSPP087.COB ; 1088 ; 625 ; 136 ; 57; False;82 ; 62 ; 72; 24;  4; 0
HSPP090.COB ; 951 ; 734 ; 252 ; 106; False;64 ; 50 ; 52; 26;  0; 2
HSPP097.COB ; 3935 ; 3137 ; 2685 ; 1611; False;61 ; 50 ; 49; 26;  0; 2
HSPP098.COB ; 2038 ; 1526 ; 537 ; 283; False;70 ; 54 ; 58; 30;  0; 2
HSPP105.COB ; 3302 ; 1989 ; 669 ; 415; True;80 ; 49 ; 78; 31;  2; 0
HSPP106.COB ; 1134 ; 844 ; 223 ; 107; True;100 ; 74 ; 100; 49;  0; 0
HSPP107.COB ; 3493 ; 2202 ; 726 ; 445; True;80 ; 49 ; 78; 31;  2; 0
HSPS302.COB ; 2237 ; 1158 ; 783 ; 311; False;28 ; 33 ; 12; 8;  0; 2
HSPS303.COB ; 2883 ; 1802 ; 659 ; 261; False;28 ; 33 ; 12; 8;  0; 2
HSPU005.COB ; 15911 ; 12784 ; 2844 ; 1635; False;273 ; 273 ; 230; 112;  6; 4
HSPU010.COB ; 292 ; 280 ; 144 ; 58; False;95 ; 73 ; 79; 27;  2; 8
HSPU011.COB ; 314 ; 296 ; 145 ; 48; False;114 ; 109 ; 99; 23;  4; 2
HSPU300.COB ; 1542 ; 228 ; 40 ; 15; True;39 ; 21 ; 39; 15;  0; 0
HSPU302.COB ; 6610 ; 2896 ; 1352 ; 813; True;64 ; 73 ; 44; 32;  2; 8
HSPU303.COB ; 4944 ; 3609 ; 1035 ; 590; False;56 ; 51 ; 44; 27;  0; 2
HSPU400.COB ; 1218 ; 176 ; 28 ; 13; True;27 ; 17 ; 27; 13;  0; 0
HSPU500.COB ; 2146 ; 883 ; 296 ; 146; False;39 ; 38 ; 31; 19;  0; 2
L62B480.COB ; 1132 ; 892 ; 255 ; 116; False;106 ; 95 ; 96; 48;  0; 1
L62B481.COB ; 1688 ; 1318 ; 518 ; 268; False;165 ; 131 ; 151; 73;  0; 2
L62P261.COB ; 2068 ; 1304 ; 596 ; 278; False;42 ; 34 ; 32; 14;  0; 5
L62U019.COB ; 374 ; 128 ; 49 ; 10; False;24 ; 17 ; 16; 3;  0; 3
L62U200.COB ; 1220 ; 825 ; 399 ; 172; True;162 ; 203 ; 142; 107;  6; 4
L62U300.COB ; 551 ; 495 ; 159 ; 66; True;41 ; 35 ; 41; 16;  0; 0
LADB140.COB ; 1665 ; 1447 ; 397 ; 209; False;194 ; 164 ; 188; 85;  0; 2
LADB150.COB ; 8940 ; 8168 ; 3802 ; 2328; False;108 ; 108 ; 92; 56;  0; 2
LADB200.COB ; 3250 ; 2248 ; 953 ; 508; False;95 ; 94 ; 57; 37;  0; 2
LADB300.COB ; 2472 ; 1879 ; 700 ; 390; False;166 ; 153 ; 156; 91;  0; 2
LADB400.COB ; 2487 ; 1733 ; 532 ; 306; False;183 ; 188 ; 175; 118;  2; 2
LADB600.COB ; 2586 ; 1889 ; 626 ; 356; False;205 ; 180 ; 193; 108;  2; 0
LADP100.COB ; 1471 ; 935 ; 238 ; 117; False;69 ; 53 ; 53; 16;  0; 3
LADP110.COB ; 1749 ; 1119 ; 339 ; 188; False;67 ; 52 ; 55; 28;  0; 2
LADP120.COB ; 1476 ; 770 ; 208 ; 96; False;101 ; 60 ; 89; 19;  0; 2
LADP130.COB ; 4567 ; 1683 ; 558 ; 354; False;66 ; 56 ; 54; 32;  0; 2
LADP310.COB ; 2498 ; 1469 ; 421 ; 243; False;70 ; 59 ; 58; 35;  0; 2
LADP320.COB ; 848 ; 587 ; 163 ; 44; True;66 ; 40 ; 64; 22;  2; 0
LADP330.COB ; 863 ; 593 ; 176 ; 52; True;70 ; 42 ; 68; 24;  2; 0
LADP340.COB ; 734 ; 528 ; 192 ; 58; True;78 ; 46 ; 76; 27;  2; 0
LADP350.COB ; 878 ; 498 ; 175 ; 49; True;71 ; 41 ; 69; 24;  2; 0
LADP420.COB ; 1643 ; 990 ; 471 ; 223; False;148 ; 134 ; 134; 65;  2; 2
LADP500.COB ; 1030 ; 778 ; 241 ; 92; True;86 ; 47 ; 86; 35;  0; 0
LADP700.COB ; 591 ; 463 ; 100 ; 33; True;77 ; 40 ; 77; 27;  0; 0
LADS010.COB ; 1773 ; 975 ; 594 ; 221; False;27 ; 30 ; 17; 10;  0; 2
LADS011.COB ; 1757 ; 936 ; 578 ; 203; False;21 ; 24 ; 7; 2;  0; 2
LADU100.COB ; 2304 ; 1400 ; 406 ; 270; False;60 ; 53 ; 48; 29;  0; 2
LADU200.COB ; 1993 ; 1253 ; 524 ; 307; False;71 ; 86 ; 45; 31;  2; 9
LADU300.COB ; 708 ; 454 ; 127 ; 65; False;35 ; 39 ; 25; 13;  0; 2
LEDB150.COB ; 7431 ; 6915 ; 3412 ; 2020; False;108 ; 108 ; 92; 56;  0; 2
LEDBW10.COB ; 1223 ; 796 ; 295 ; 136; False;71 ; 67 ; 57; 34;  0; 2
LEDBW20.COB ; 1935 ; 1175 ; 371 ; 204; False;179 ; 201 ; 159; 92;  4; 2
LEDBW30.COB ; 1111 ; 657 ; 214 ; 95; True;115 ; 134 ; 113; 57;  0; 0
LEDBW40.COB ; 1143 ; 692 ; 230 ; 100; False;118 ; 126 ; 104; 54;  0; 4
LEDP154.COB ; 836 ; 500 ; 171 ; 47; True;67 ; 38 ; 65; 22;  2; 0
LEDS001.COB ; 1750 ; 917 ; 570 ; 188; False;21 ; 24 ; 7; 2;  0; 2
LEDUB31.COB ; 1262 ; 938 ; 487 ; 251; False;61 ; 70 ; 27; 22;  0; 9
LEDUB32.COB ; 692 ; 381 ; 211 ; 76; False;47 ; 55 ; 27; 11;  0; 5
LEDUB33.COB ; 670 ; 363 ; 211 ; 76; False;47 ; 55 ; 27; 11;  0; 5
LEDUT31.COB ; 2091 ; 1902 ; 961 ; 468; False;69 ; 114 ; 35; 18;  0; 11
LEDUT32.COB ; 1233 ; 1074 ; 612 ; 292; False;61 ; 90 ; 33; 18;  0; 11
LEDUT33.COB ; 1076 ; 921 ; 510 ; 237; False;61 ; 84 ; 33; 18;  0; 11
LEDUW01.COB ; 3571 ; 2829 ; 1186 ; 709; False;109 ; 100 ; 75; 26;  4; 4
LEDUW02.COB ; 1234 ; 993 ; 396 ; 260; False;48 ; 48 ; 30; 9;  0; 2
LEDUW10.COB ; 2516 ; 2045 ; 1027 ; 698; False;65 ; 74 ; 45; 22;  0; 2
LEDUW20.COB ; 747 ; 547 ; 195 ; 111; False;56 ; 70 ; 36; 10;  2; 2
LITB120.COB ; 7831 ; 3684 ; 1141 ; 578; False;121 ; 124 ; 119; 67;  2; 0
LITB125.COB ; 8951 ; 4630 ; 1356 ; 716; False;329 ; 376 ; 281; 144;  2; 4
LITB130.COB ; 9396 ; 2535 ; 971 ; 486; False;200 ; 158 ; 190; 85;  0; 2
LITB135.COB ; 5683 ; 2267 ; 940 ; 466; False;104 ; 103 ; 96; 61;  2; 0
LITB150.COB ; 3472 ; 2053 ; 770 ; 389; False;160 ; 170 ; 150; 110;  0; 2
LITB160.COB ; 1256 ; 965 ; 281 ; 140; False;68 ; 66 ; 58; 37;  0; 2
LITB175.COB ; 5196 ; 1891 ; 676 ; 356; False;93 ; 94 ; 87; 45;  2; 0
LITB207.COB ; 2236 ; 1452 ; 573 ; 295; False;167 ; 205 ; 147; 85;  8; 6
LITB210.COB ; 3119 ; 1257 ; 395 ; 197; False;198 ; 209 ; 176; 92;  0; 4
LITB212.COB ; 1028 ; 804 ; 256 ; 107; True;133 ; 120 ; 131; 64;  0; 0
LITB226.COB ; 2712 ; 1784 ; 651 ; 321; False;187 ; 187 ; 165; 94;  0; 3
LITB227.COB ; 3472 ; 2358 ; 831 ; 418; False;284 ; 257 ; 258; 136;  2; 3
LITB229.COB ; 1246 ; 1078 ; 337 ; 156; True;212 ; 254 ; 206; 95;  4; 2
LITB241.COB ; 1527 ; 1104 ; 414 ; 182; False;73 ; 71 ; 57; 37;  0; 2
LITB260.COB ; 4787 ; 3294 ; 1263 ; 621; False;131 ; 109 ; 121; 64;  0; 2
LITB305.COB ; 4268 ; 2999 ; 797 ; 372; False;71 ; 63 ; 59; 35;  0; 2
LITB306.COB ; 3459 ; 2289 ; 649 ; 289; False;71 ; 63 ; 59; 35;  0; 2
LITB401.COB ; 1671 ; 1147 ; 381 ; 183; False;116 ; 108 ; 108; 47;  2; 0
LITB402.COB ; 4443 ; 3064 ; 1214 ; 681; False;181 ; 169 ; 168; 79;  2; 4
LITB925.COB ; 9031 ; 7885 ; 2656 ; 1865; False;150 ; 111 ; 140; 59;  0; 2
LITC501.COB ; 2902 ; 2432 ; 1139 ; 598; True;79 ; 81 ; 47; 29;  2; 2
LITC502.COB ; 2333 ; 1960 ; 911 ; 478; True;81 ; 84 ; 49; 30;  2; 2
LITC503.COB ; 2333 ; 1960 ; 911 ; 478; True;81 ; 84 ; 49; 30;  2; 2
LITC504.COB ; 2376 ; 2001 ; 928 ; 490; True;83 ; 87 ; 51; 31;  2; 2
LITC505.COB ; 3290 ; 2770 ; 1465 ; 763; False;64 ; 70 ; 44; 24;  0; 2
LITC506.COB ; 3293 ; 2772 ; 1471 ; 765; False;64 ; 70 ; 44; 24;  0; 2
LITC507.COB ; 2500 ; 2173 ; 994 ; 549; True;81 ; 84 ; 49; 30;  2; 2
LITC508.COB ; 4399 ; 3566 ; 1946 ; 954; False;64 ; 69 ; 42; 23;  0; 2
LITC509.COB ; 2216 ; 1851 ; 862 ; 452; True;73 ; 71 ; 41; 26;  2; 2
LITC510.COB ; 4820 ; 4000 ; 2086 ; 1069; False;68 ; 72 ; 46; 24;  0; 2
LITC511.COB ; 3697 ; 3120 ; 1632 ; 845; False;24 ; 31 ; 14; 5;  0; 7
